"LOC_X","LOC_Y","SHOT_MADE","GAME_DATE","SHOT_TYPE"
18,22.45,FALSE,"04-10-2018","3PT Field Goal"
1.2,6.75,TRUE,"04-10-2018","2PT Field Goal"
3.3,37.25,FALSE,"04-10-2018","3PT Field Goal"
0.5,7.35,FALSE,"04-10-2018","2PT Field Goal"
13.9,27.55,FALSE,"04-10-2018","3PT Field Goal"
1.9,6.55,TRUE,"04-10-2018","2PT Field Goal"
15,26.15,TRUE,"04-10-2018","3PT Field Goal"
-16.3,25.45,TRUE,"04-10-2018","3PT Field Goal"
1.2,7.45,FALSE,"04-10-2018","2PT Field Goal"
-22.8,14.15,TRUE,"04-10-2018","3PT Field Goal"
0.5,8.35,FALSE,"04-10-2018","2PT Field Goal"
-8.6,16.15,FALSE,"04-10-2018","2PT Field Goal"
2.3,8.15,TRUE,"04-10-2018","2PT Field Goal"
-13.1,28.55,FALSE,"04-10-2018","3PT Field Goal"
0,4.65,FALSE,"04-10-2018","2PT Field Goal"
2.4,30.95,FALSE,"04-07-2018","3PT Field Goal"
9,29.25,FALSE,"04-07-2018","3PT Field Goal"
3.3,7.85,FALSE,"04-07-2018","2PT Field Goal"
0.9,6.05,FALSE,"04-07-2018","2PT Field Goal"
-7.8,29.85,TRUE,"04-07-2018","3PT Field Goal"
-0.5,6.25,FALSE,"04-07-2018","2PT Field Goal"
21.2,19.05,FALSE,"04-07-2018","3PT Field Goal"
-7.1,4.85,TRUE,"04-07-2018","2PT Field Goal"
1.9,29.85,TRUE,"04-07-2018","3PT Field Goal"
-13.9,25.45,TRUE,"04-07-2018","3PT Field Goal"
0.5,5.75,FALSE,"04-07-2018","2PT Field Goal"
7.1,18.95,TRUE,"04-07-2018","2PT Field Goal"
8.8,28.45,FALSE,"04-07-2018","3PT Field Goal"
5.1,9.05,TRUE,"04-07-2018","2PT Field Goal"
-0.5,4.75,TRUE,"04-07-2018","2PT Field Goal"
-2.1,30.15,FALSE,"04-07-2018","3PT Field Goal"
1.7,6.55,TRUE,"04-05-2018","2PT Field Goal"
-8.4,29.55,FALSE,"04-05-2018","3PT Field Goal"
1.6,5.95,TRUE,"04-05-2018","2PT Field Goal"
1.6,20.35,FALSE,"04-05-2018","2PT Field Goal"
3,6.55,FALSE,"04-05-2018","2PT Field Goal"
-2.7,6.25,TRUE,"04-05-2018","2PT Field Goal"
-11,29.85,FALSE,"04-05-2018","3PT Field Goal"
-22.1,18.45,TRUE,"04-05-2018","3PT Field Goal"
2.7,6.95,FALSE,"04-05-2018","2PT Field Goal"
1.1,32.35,TRUE,"04-05-2018","3PT Field Goal"
-1.3,6.15,TRUE,"04-05-2018","2PT Field Goal"
5.3,32.15,FALSE,"04-05-2018","3PT Field Goal"
-0.1,32.05,TRUE,"04-05-2018","3PT Field Goal"
10.9,34.95,FALSE,"04-03-2018","3PT Field Goal"
1.6,6.15,TRUE,"04-03-2018","2PT Field Goal"
17.6,23.15,TRUE,"04-03-2018","3PT Field Goal"
20.1,21.55,TRUE,"04-03-2018","3PT Field Goal"
6.5,24.25,TRUE,"04-03-2018","2PT Field Goal"
-13.3,26.75,FALSE,"04-03-2018","3PT Field Goal"
22.7,7.25,TRUE,"04-03-2018","3PT Field Goal"
12.8,32.45,FALSE,"04-03-2018","3PT Field Goal"
1.4,6.25,TRUE,"04-03-2018","2PT Field Goal"
-0.5,30.65,TRUE,"04-03-2018","3PT Field Goal"
-2.1,7.55,TRUE,"04-03-2018","2PT Field Goal"
-6,19.55,TRUE,"04-03-2018","2PT Field Goal"
0.7,6.25,FALSE,"04-03-2018","2PT Field Goal"
0.9,31.25,TRUE,"04-03-2018","3PT Field Goal"
1.1,6.05,FALSE,"04-03-2018","2PT Field Goal"
-0.3,6.05,TRUE,"04-03-2018","2PT Field Goal"
-13.1,15.15,FALSE,"04-03-2018","2PT Field Goal"
-0.9,7.05,TRUE,"04-03-2018","2PT Field Goal"
-13.8,25.15,FALSE,"04-01-2018","3PT Field Goal"
1.7,5.25,TRUE,"04-01-2018","2PT Field Goal"
-10.3,13.65,TRUE,"04-01-2018","2PT Field Goal"
-12.5,27.35,TRUE,"04-01-2018","3PT Field Goal"
0.2,4.95,FALSE,"04-01-2018","2PT Field Goal"
5,5.45,FALSE,"04-01-2018","2PT Field Goal"
16,12.15,TRUE,"04-01-2018","2PT Field Goal"
0.3,6.45,TRUE,"04-01-2018","2PT Field Goal"
0,4.65,FALSE,"04-01-2018","2PT Field Goal"
5.6,10.55,FALSE,"04-01-2018","2PT Field Goal"
-23,4.75,FALSE,"04-01-2018","3PT Field Goal"
1.4,6.55,FALSE,"04-01-2018","2PT Field Goal"
0,5.85,TRUE,"04-01-2018","2PT Field Goal"
-17.4,35.55,FALSE,"04-01-2018","3PT Field Goal"
-21.3,20.95,FALSE,"04-01-2018","3PT Field Goal"
-0.5,5.55,TRUE,"04-01-2018","2PT Field Goal"
-0.8,6.25,TRUE,"04-01-2018","2PT Field Goal"
-0.5,8.95,FALSE,"04-01-2018","2PT Field Goal"
15,25.15,FALSE,"04-01-2018","3PT Field Goal"
-1.5,30.85,TRUE,"03-30-2018","3PT Field Goal"
0.3,5.45,TRUE,"03-30-2018","2PT Field Goal"
0.1,5.95,FALSE,"03-30-2018","2PT Field Goal"
-12.7,26.95,FALSE,"03-30-2018","3PT Field Goal"
0,4.95,FALSE,"03-30-2018","2PT Field Goal"
-0.5,5.15,TRUE,"03-30-2018","2PT Field Goal"
-0.5,5.95,TRUE,"03-30-2018","2PT Field Goal"
-0.9,9.45,FALSE,"03-30-2018","2PT Field Goal"
-12.7,15.85,TRUE,"03-30-2018","2PT Field Goal"
-1.9,12.65,FALSE,"03-30-2018","2PT Field Goal"
-10.6,28.25,FALSE,"03-30-2018","3PT Field Goal"
-0.3,8.85,TRUE,"03-30-2018","2PT Field Goal"
-0.8,5.65,TRUE,"03-30-2018","2PT Field Goal"
-8.2,29.25,FALSE,"03-30-2018","3PT Field Goal"
-7,30.55,FALSE,"03-30-2018","3PT Field Goal"
0.6,6.55,TRUE,"03-30-2018","2PT Field Goal"
-0.9,31.65,FALSE,"03-30-2018","3PT Field Goal"
0,6.25,FALSE,"03-30-2018","2PT Field Goal"
2.1,30.25,FALSE,"03-30-2018","3PT Field Goal"
-0.6,30.95,FALSE,"03-30-2018","3PT Field Goal"
-0.2,7.15,FALSE,"03-30-2018","2PT Field Goal"
0,4.45,TRUE,"03-25-2018","2PT Field Goal"
-9.5,13.85,TRUE,"03-25-2018","2PT Field Goal"
-1.1,4.75,TRUE,"03-25-2018","2PT Field Goal"
-23.2,3.05,TRUE,"03-25-2018","3PT Field Goal"
0.5,5.85,FALSE,"03-25-2018","2PT Field Goal"
-1.8,4.35,TRUE,"03-25-2018","2PT Field Goal"
1.2,32.65,FALSE,"03-25-2018","3PT Field Goal"
17.2,25.85,FALSE,"03-25-2018","3PT Field Goal"
-0.4,3.85,FALSE,"03-25-2018","2PT Field Goal"
0.8,5.65,FALSE,"03-25-2018","2PT Field Goal"
-4.6,30.95,FALSE,"03-25-2018","3PT Field Goal"
4.8,30.85,FALSE,"03-25-2018","3PT Field Goal"
1.9,6.35,TRUE,"03-25-2018","2PT Field Goal"
7.1,30.55,FALSE,"03-25-2018","3PT Field Goal"
23.7,3.65,FALSE,"03-25-2018","3PT Field Goal"
1.5,34.75,FALSE,"03-24-2018","3PT Field Goal"
13.3,28.45,FALSE,"03-24-2018","3PT Field Goal"
-17.2,24.15,TRUE,"03-24-2018","3PT Field Goal"
-0.6,6.25,TRUE,"03-24-2018","2PT Field Goal"
1,8.35,FALSE,"03-24-2018","2PT Field Goal"
1.1,8.15,TRUE,"03-24-2018","2PT Field Goal"
7.3,7.25,TRUE,"03-24-2018","2PT Field Goal"
-1.6,14.45,FALSE,"03-24-2018","2PT Field Goal"
-14.5,30.15,FALSE,"03-24-2018","3PT Field Goal"
-19.5,23.75,FALSE,"03-24-2018","3PT Field Goal"
-15.5,26.65,TRUE,"03-24-2018","3PT Field Goal"
9.8,28.95,TRUE,"03-24-2018","3PT Field Goal"
1.6,5.85,FALSE,"03-24-2018","2PT Field Goal"
-13.4,27.85,FALSE,"03-24-2018","3PT Field Goal"
0.8,5.25,TRUE,"03-24-2018","2PT Field Goal"
22.6,4.45,FALSE,"03-24-2018","3PT Field Goal"
3.2,10.05,FALSE,"03-24-2018","2PT Field Goal"
-0.2,6.45,TRUE,"03-24-2018","2PT Field Goal"
-3.5,30.85,FALSE,"03-24-2018","3PT Field Goal"
0.1,6.45,TRUE,"03-24-2018","2PT Field Goal"
-9,17.45,TRUE,"03-24-2018","2PT Field Goal"
-2,30.85,FALSE,"03-24-2018","3PT Field Goal"
0.5,5.75,TRUE,"03-24-2018","2PT Field Goal"
6.2,10.55,FALSE,"03-24-2018","2PT Field Goal"
-0.3,6.15,FALSE,"03-22-2018","2PT Field Goal"
7.2,12.35,TRUE,"03-22-2018","2PT Field Goal"
0.8,6.25,FALSE,"03-22-2018","2PT Field Goal"
-11.6,15.25,TRUE,"03-22-2018","2PT Field Goal"
2.5,16.15,FALSE,"03-22-2018","2PT Field Goal"
-0.2,6.65,FALSE,"03-22-2018","2PT Field Goal"
0.9,5.75,FALSE,"03-22-2018","2PT Field Goal"
2.4,32.45,FALSE,"03-22-2018","3PT Field Goal"
3.5,23.45,FALSE,"03-22-2018","2PT Field Goal"
14.5,27.45,FALSE,"03-22-2018","3PT Field Goal"
-1.2,5.65,TRUE,"03-22-2018","2PT Field Goal"
-23.2,11.55,FALSE,"03-22-2018","3PT Field Goal"
2.2,8.85,FALSE,"03-22-2018","2PT Field Goal"
-6.3,29.55,FALSE,"03-22-2018","3PT Field Goal"
-1,31.15,FALSE,"03-22-2018","3PT Field Goal"
0.2,5.85,TRUE,"03-22-2018","2PT Field Goal"
-23.2,9.55,FALSE,"03-22-2018","3PT Field Goal"
-16,24.15,FALSE,"03-22-2018","3PT Field Goal"
-23.3,6.35,FALSE,"03-22-2018","3PT Field Goal"
11,13.55,FALSE,"03-22-2018","2PT Field Goal"
2,9.95,FALSE,"03-20-2018","2PT Field Goal"
-20.7,18.85,TRUE,"03-20-2018","3PT Field Goal"
0.8,5.45,FALSE,"03-20-2018","2PT Field Goal"
14.7,24.35,TRUE,"03-20-2018","3PT Field Goal"
-23.7,13.05,FALSE,"03-20-2018","3PT Field Goal"
-2.7,6.35,FALSE,"03-20-2018","2PT Field Goal"
1.4,5.85,TRUE,"03-20-2018","2PT Field Goal"
1.3,5.25,TRUE,"03-20-2018","2PT Field Goal"
-0.6,6.75,FALSE,"03-20-2018","2PT Field Goal"
-0.4,5.65,TRUE,"03-20-2018","2PT Field Goal"
-8.1,28.85,TRUE,"03-20-2018","3PT Field Goal"
1.5,6.85,FALSE,"03-20-2018","2PT Field Goal"
-0.8,18.85,FALSE,"03-20-2018","2PT Field Goal"
0.3,4.85,TRUE,"03-20-2018","2PT Field Goal"
11.6,26.55,TRUE,"03-20-2018","3PT Field Goal"
1.3,6.05,TRUE,"03-20-2018","2PT Field Goal"
10.2,10.85,FALSE,"03-20-2018","2PT Field Goal"
-0.7,6.15,TRUE,"03-20-2018","2PT Field Goal"
2.9,7.45,FALSE,"03-20-2018","2PT Field Goal"
-0.7,8.95,FALSE,"03-20-2018","2PT Field Goal"
0,6.35,TRUE,"03-20-2018","2PT Field Goal"
-14.1,27.15,TRUE,"03-20-2018","3PT Field Goal"
-22.8,14.05,FALSE,"03-20-2018","3PT Field Goal"
0.5,6.35,FALSE,"03-20-2018","2PT Field Goal"
0,6.55,TRUE,"03-20-2018","2PT Field Goal"
13.8,26.05,TRUE,"03-18-2018","3PT Field Goal"
-17.1,26.55,FALSE,"03-18-2018","3PT Field Goal"
0.2,16.75,TRUE,"03-18-2018","2PT Field Goal"
-2,6.65,TRUE,"03-18-2018","2PT Field Goal"
5.9,30.45,FALSE,"03-18-2018","3PT Field Goal"
-16.5,25.75,FALSE,"03-18-2018","3PT Field Goal"
-4.1,13.55,TRUE,"03-18-2018","2PT Field Goal"
0,8.25,TRUE,"03-18-2018","2PT Field Goal"
-11.4,31.45,FALSE,"03-18-2018","3PT Field Goal"
-23.4,13.65,FALSE,"03-18-2018","3PT Field Goal"
-0.4,19.45,FALSE,"03-18-2018","2PT Field Goal"
0.2,12.15,TRUE,"03-18-2018","2PT Field Goal"
6.1,3.55,FALSE,"03-18-2018","2PT Field Goal"
9.2,29.85,TRUE,"03-18-2018","3PT Field Goal"
2,32.25,FALSE,"03-18-2018","3PT Field Goal"
0.8,6.55,TRUE,"03-18-2018","2PT Field Goal"
-10,10.55,TRUE,"03-18-2018","2PT Field Goal"
-13,25.95,FALSE,"03-18-2018","3PT Field Goal"
0.2,24.05,FALSE,"03-17-2018","2PT Field Goal"
3.5,31.65,TRUE,"03-17-2018","3PT Field Goal"
8.2,33.25,FALSE,"03-17-2018","3PT Field Goal"
2.4,5.15,TRUE,"03-17-2018","2PT Field Goal"
-21.7,20.65,FALSE,"03-17-2018","3PT Field Goal"
1.3,5.85,TRUE,"03-17-2018","2PT Field Goal"
1.9,12.05,FALSE,"03-17-2018","2PT Field Goal"
2.7,6.85,FALSE,"03-17-2018","2PT Field Goal"
0.3,6.85,TRUE,"03-17-2018","2PT Field Goal"
-13.5,26.15,FALSE,"03-17-2018","3PT Field Goal"
-1.9,30.55,TRUE,"03-17-2018","3PT Field Goal"
-13.1,27.25,FALSE,"03-17-2018","3PT Field Goal"
-1.6,5.25,FALSE,"03-17-2018","2PT Field Goal"
0.4,7.65,TRUE,"03-17-2018","2PT Field Goal"
-3.5,31.65,FALSE,"03-17-2018","3PT Field Goal"
0.8,5.65,TRUE,"03-17-2018","2PT Field Goal"
-5.2,29.85,FALSE,"03-17-2018","3PT Field Goal"
13.9,26.55,TRUE,"03-17-2018","3PT Field Goal"
20.1,21.15,FALSE,"03-17-2018","3PT Field Goal"
1.8,6.25,FALSE,"03-17-2018","2PT Field Goal"
0.4,7.45,TRUE,"03-17-2018","2PT Field Goal"
-0.2,6.55,TRUE,"03-17-2018","2PT Field Goal"
2.2,5.85,FALSE,"03-17-2018","2PT Field Goal"
1.9,6.75,FALSE,"03-17-2018","2PT Field Goal"
10.1,28.85,FALSE,"03-17-2018","3PT Field Goal"
-8.9,31.65,FALSE,"03-17-2018","3PT Field Goal"
-23,11.15,TRUE,"03-17-2018","3PT Field Goal"
-1.6,4.45,FALSE,"03-17-2018","2PT Field Goal"
-0.6,24.95,TRUE,"03-15-2018","2PT Field Goal"
10.9,30.35,FALSE,"03-15-2018","3PT Field Goal"
0.2,7.35,FALSE,"03-15-2018","2PT Field Goal"
-5.6,31.55,FALSE,"03-15-2018","3PT Field Goal"
-14.8,26.65,TRUE,"03-15-2018","3PT Field Goal"
1,7.85,FALSE,"03-15-2018","2PT Field Goal"
0.6,6.85,TRUE,"03-15-2018","2PT Field Goal"
-11.1,29.35,FALSE,"03-15-2018","3PT Field Goal"
0.9,5.95,TRUE,"03-15-2018","2PT Field Goal"
11.7,28.35,FALSE,"03-15-2018","3PT Field Goal"
22.8,4.75,FALSE,"03-15-2018","3PT Field Goal"
0.7,5.85,FALSE,"03-15-2018","2PT Field Goal"
-2.5,31.05,TRUE,"03-15-2018","3PT Field Goal"
-23.1,4.75,FALSE,"03-15-2018","3PT Field Goal"
-0.5,19.55,TRUE,"03-15-2018","2PT Field Goal"
-1.1,5.15,TRUE,"03-15-2018","2PT Field Goal"
-21.1,20.05,FALSE,"03-12-2018","3PT Field Goal"
-23.9,11.55,FALSE,"03-12-2018","3PT Field Goal"
-8.5,28.55,FALSE,"03-12-2018","3PT Field Goal"
-9.8,15.65,TRUE,"03-12-2018","2PT Field Goal"
12.7,26.75,TRUE,"03-12-2018","3PT Field Goal"
4,7.15,TRUE,"03-12-2018","2PT Field Goal"
-23.8,5.75,FALSE,"03-12-2018","3PT Field Goal"
-1.7,53.65,FALSE,"03-12-2018","3PT Field Goal"
-1.8,32.05,FALSE,"03-12-2018","3PT Field Goal"
23.7,5.15,TRUE,"03-12-2018","3PT Field Goal"
2.2,6.55,FALSE,"03-12-2018","2PT Field Goal"
2.4,6.55,FALSE,"03-12-2018","2PT Field Goal"
-5.1,10.85,TRUE,"03-12-2018","2PT Field Goal"
0.2,33.65,FALSE,"03-12-2018","3PT Field Goal"
-13.3,27.95,FALSE,"03-12-2018","3PT Field Goal"
6.5,31.05,FALSE,"03-12-2018","3PT Field Goal"
2.5,6.55,TRUE,"03-12-2018","2PT Field Goal"
1.1,36.45,FALSE,"03-09-2018","3PT Field Goal"
-3.3,30.65,TRUE,"03-09-2018","3PT Field Goal"
-13.8,28.05,TRUE,"03-09-2018","3PT Field Goal"
23,6.55,FALSE,"03-09-2018","3PT Field Goal"
1.8,5.95,TRUE,"03-09-2018","2PT Field Goal"
-0.4,5.45,TRUE,"03-09-2018","2PT Field Goal"
-3.5,31.15,TRUE,"03-09-2018","3PT Field Goal"
2.7,33.35,TRUE,"03-09-2018","3PT Field Goal"
1.7,5.35,TRUE,"03-09-2018","2PT Field Goal"
0.3,6.35,TRUE,"03-09-2018","2PT Field Goal"
-23.2,8.45,FALSE,"03-09-2018","3PT Field Goal"
0.9,5.75,TRUE,"03-09-2018","2PT Field Goal"
-3.8,12.65,TRUE,"03-09-2018","2PT Field Goal"
1.5,5.75,TRUE,"03-09-2018","2PT Field Goal"
1.8,5.85,FALSE,"03-09-2018","2PT Field Goal"
-1.4,8.45,TRUE,"03-09-2018","2PT Field Goal"
1.9,6.15,FALSE,"03-09-2018","2PT Field Goal"
0,15.05,TRUE,"03-09-2018","2PT Field Goal"
1.1,5.15,TRUE,"03-09-2018","2PT Field Goal"
5.8,30.35,FALSE,"03-09-2018","3PT Field Goal"
1.8,6.55,FALSE,"03-09-2018","2PT Field Goal"
0.2,5.75,TRUE,"03-09-2018","2PT Field Goal"
23.1,3.95,FALSE,"03-07-2018","3PT Field Goal"
-13.6,28.75,FALSE,"03-07-2018","3PT Field Goal"
-0.3,10.15,FALSE,"03-07-2018","2PT Field Goal"
4.4,13.75,FALSE,"03-07-2018","2PT Field Goal"
-6.2,31.75,FALSE,"03-07-2018","3PT Field Goal"
0.1,7.85,FALSE,"03-07-2018","2PT Field Goal"
0,5.45,TRUE,"03-07-2018","2PT Field Goal"
0.8,32.55,FALSE,"03-07-2018","3PT Field Goal"
-11.9,28.35,TRUE,"03-07-2018","3PT Field Goal"
-0.1,6.95,TRUE,"03-07-2018","2PT Field Goal"
-8.1,31.05,TRUE,"03-07-2018","3PT Field Goal"
1.3,6.25,TRUE,"03-07-2018","2PT Field Goal"
0.6,30.95,FALSE,"03-07-2018","3PT Field Goal"
0,5.55,TRUE,"03-07-2018","2PT Field Goal"
0.6,5.75,FALSE,"03-07-2018","2PT Field Goal"
13.9,28.75,TRUE,"03-07-2018","3PT Field Goal"
11.2,31.45,FALSE,"03-07-2018","3PT Field Goal"
-0.5,6.85,TRUE,"03-07-2018","2PT Field Goal"
-11.6,31.05,FALSE,"03-07-2018","3PT Field Goal"
1.8,7.85,FALSE,"03-07-2018","2PT Field Goal"
16.8,24.65,FALSE,"03-06-2018","3PT Field Goal"
-0.2,6.35,TRUE,"03-06-2018","2PT Field Goal"
-1.2,6.25,TRUE,"03-06-2018","2PT Field Goal"
1.3,5.35,TRUE,"03-06-2018","2PT Field Goal"
-11.4,28.45,FALSE,"03-06-2018","3PT Field Goal"
-0.8,5.15,TRUE,"03-06-2018","2PT Field Goal"
0.2,6.75,FALSE,"03-06-2018","2PT Field Goal"
2.2,7.95,TRUE,"03-06-2018","2PT Field Goal"
5.2,31.15,TRUE,"03-06-2018","3PT Field Goal"
0.7,11.95,TRUE,"03-06-2018","2PT Field Goal"
-8.7,9.45,TRUE,"03-06-2018","2PT Field Goal"
1.9,6.35,FALSE,"03-06-2018","2PT Field Goal"
1.7,12.65,FALSE,"03-06-2018","2PT Field Goal"
-16.9,23.65,FALSE,"03-03-2018","3PT Field Goal"
0.5,30.35,FALSE,"03-03-2018","3PT Field Goal"
0.2,5.75,TRUE,"03-03-2018","2PT Field Goal"
-6,29.65,FALSE,"03-03-2018","3PT Field Goal"
0,5.25,TRUE,"03-03-2018","2PT Field Goal"
23.1,6.95,FALSE,"03-03-2018","3PT Field Goal"
0,5.65,FALSE,"03-03-2018","2PT Field Goal"
0.5,4.95,TRUE,"03-03-2018","2PT Field Goal"
-6.8,19.55,FALSE,"03-03-2018","2PT Field Goal"
9.8,28.55,FALSE,"03-03-2018","3PT Field Goal"
22.8,10.55,TRUE,"03-03-2018","3PT Field Goal"
-18.7,21.15,FALSE,"03-03-2018","3PT Field Goal"
6.9,29.95,FALSE,"03-03-2018","3PT Field Goal"
-0.7,32.45,FALSE,"03-03-2018","3PT Field Goal"
23.3,4.55,TRUE,"03-03-2018","3PT Field Goal"
8.2,30.05,TRUE,"03-03-2018","3PT Field Goal"
-5.4,29.75,FALSE,"03-03-2018","3PT Field Goal"
12.8,23.45,FALSE,"03-03-2018","2PT Field Goal"
7.6,30.85,FALSE,"02-28-2018","3PT Field Goal"
1.1,6.95,TRUE,"02-28-2018","2PT Field Goal"
-24,11.85,FALSE,"02-28-2018","3PT Field Goal"
10.5,32.05,FALSE,"02-28-2018","3PT Field Goal"
-14.1,26.65,FALSE,"02-28-2018","3PT Field Goal"
5,8.75,TRUE,"02-28-2018","2PT Field Goal"
-0.2,6.85,TRUE,"02-28-2018","2PT Field Goal"
-14.6,25.65,FALSE,"02-28-2018","3PT Field Goal"
7,31.05,FALSE,"02-28-2018","3PT Field Goal"
10.5,29.45,TRUE,"02-28-2018","3PT Field Goal"
-6,30.55,TRUE,"02-28-2018","3PT Field Goal"
-23.4,7.95,TRUE,"02-28-2018","3PT Field Goal"
-12.3,28.85,FALSE,"02-28-2018","3PT Field Goal"
0.9,6.45,TRUE,"02-28-2018","2PT Field Goal"
0.7,9.45,FALSE,"02-26-2018","2PT Field Goal"
1.8,6.95,TRUE,"02-26-2018","2PT Field Goal"
1.4,6.85,TRUE,"02-26-2018","2PT Field Goal"
-13.8,27.45,FALSE,"02-26-2018","3PT Field Goal"
-11.1,29.95,TRUE,"02-26-2018","3PT Field Goal"
1.3,6.05,TRUE,"02-26-2018","2PT Field Goal"
0.9,6.05,TRUE,"02-26-2018","2PT Field Goal"
1.1,6.95,TRUE,"02-26-2018","2PT Field Goal"
5.8,30.45,FALSE,"02-26-2018","3PT Field Goal"
-15.7,27.35,FALSE,"02-26-2018","3PT Field Goal"
-1.3,6.85,TRUE,"02-26-2018","2PT Field Goal"
13.4,27.05,FALSE,"02-26-2018","3PT Field Goal"
1.4,5.85,TRUE,"02-26-2018","2PT Field Goal"
1.8,27.45,TRUE,"02-25-2018","2PT Field Goal"
1.1,8.85,TRUE,"02-25-2018","2PT Field Goal"
6.7,17.25,FALSE,"02-25-2018","2PT Field Goal"
4,7.95,FALSE,"02-25-2018","2PT Field Goal"
3,7.45,TRUE,"02-25-2018","2PT Field Goal"
-22.1,7.35,FALSE,"02-25-2018","3PT Field Goal"
5,8.45,FALSE,"02-25-2018","2PT Field Goal"
-14.1,25.65,TRUE,"02-25-2018","3PT Field Goal"
3.2,29.45,FALSE,"02-25-2018","3PT Field Goal"
1.9,6.25,FALSE,"02-25-2018","2PT Field Goal"
-14.9,24.75,TRUE,"02-25-2018","3PT Field Goal"
-17.6,22.65,TRUE,"02-25-2018","3PT Field Goal"
0.9,7.85,TRUE,"02-25-2018","2PT Field Goal"
6.8,28.95,TRUE,"02-25-2018","3PT Field Goal"
-16.6,22.45,FALSE,"02-25-2018","3PT Field Goal"
1,14.65,TRUE,"02-25-2018","2PT Field Goal"
12.4,26.05,TRUE,"02-25-2018","3PT Field Goal"
-18.6,21.45,TRUE,"02-25-2018","3PT Field Goal"
3,6.55,FALSE,"02-25-2018","2PT Field Goal"
4.9,29.15,FALSE,"02-25-2018","3PT Field Goal"
6.8,12.35,FALSE,"02-23-2018","2PT Field Goal"
-18.6,27.85,TRUE,"02-23-2018","3PT Field Goal"
0.5,31.95,FALSE,"02-23-2018","3PT Field Goal"
9.8,7.45,FALSE,"02-23-2018","2PT Field Goal"
-6.5,12.35,TRUE,"02-23-2018","2PT Field Goal"
0.5,5.35,TRUE,"02-23-2018","2PT Field Goal"
-2.3,8.45,FALSE,"02-23-2018","2PT Field Goal"
1.1,8.15,FALSE,"02-23-2018","2PT Field Goal"
-9,30.45,FALSE,"02-23-2018","3PT Field Goal"
3.3,24.15,FALSE,"02-23-2018","2PT Field Goal"
3.3,6.55,FALSE,"02-23-2018","2PT Field Goal"
15.8,26.25,TRUE,"02-23-2018","3PT Field Goal"
2.5,31.45,FALSE,"02-23-2018","3PT Field Goal"
1.3,6.25,TRUE,"02-23-2018","2PT Field Goal"
-4.8,33.15,FALSE,"02-23-2018","3PT Field Goal"
0,12.55,FALSE,"02-23-2018","2PT Field Goal"
1.9,31.25,FALSE,"02-23-2018","3PT Field Goal"
-0.9,12.65,FALSE,"02-23-2018","2PT Field Goal"
0.7,18.05,FALSE,"02-23-2018","2PT Field Goal"
-0.9,7.05,TRUE,"02-23-2018","2PT Field Goal"
-0.6,6.35,TRUE,"02-23-2018","2PT Field Goal"
-23.2,5.35,TRUE,"02-23-2018","3PT Field Goal"
12.3,29.05,FALSE,"02-23-2018","3PT Field Goal"
-10.6,32.15,FALSE,"02-23-2018","3PT Field Goal"
0.8,9.35,FALSE,"02-23-2018","2PT Field Goal"
11.8,29.95,FALSE,"02-14-2018","3PT Field Goal"
6.8,30.45,TRUE,"02-14-2018","3PT Field Goal"
1.5,24.75,FALSE,"02-14-2018","2PT Field Goal"
-23.4,12.55,FALSE,"02-14-2018","3PT Field Goal"
7,31.85,TRUE,"02-14-2018","3PT Field Goal"
1,14.45,TRUE,"02-14-2018","2PT Field Goal"
-11.2,27.75,FALSE,"02-14-2018","3PT Field Goal"
-6.9,17.95,TRUE,"02-14-2018","2PT Field Goal"
23,16.65,FALSE,"02-14-2018","3PT Field Goal"
23,14.65,FALSE,"02-14-2018","3PT Field Goal"
-23.7,11.15,FALSE,"02-14-2018","3PT Field Goal"
-1.3,31.55,TRUE,"02-14-2018","3PT Field Goal"
-6.6,30.35,FALSE,"02-14-2018","3PT Field Goal"
-19.9,23.65,TRUE,"02-14-2018","3PT Field Goal"
-22.3,7.35,TRUE,"02-14-2018","3PT Field Goal"
-0.9,33.25,FALSE,"02-14-2018","3PT Field Goal"
12.7,28.65,FALSE,"02-14-2018","3PT Field Goal"
11.9,28.95,FALSE,"02-14-2018","3PT Field Goal"
3.6,7.75,FALSE,"02-14-2018","2PT Field Goal"
-13.4,29.15,TRUE,"02-13-2018","3PT Field Goal"
-18.2,25.05,TRUE,"02-13-2018","3PT Field Goal"
-0.3,7.15,TRUE,"02-13-2018","2PT Field Goal"
-13.4,19.75,FALSE,"02-13-2018","2PT Field Goal"
-8.7,30.05,TRUE,"02-13-2018","3PT Field Goal"
3.7,25.05,TRUE,"02-13-2018","2PT Field Goal"
-7.6,30.35,FALSE,"02-13-2018","3PT Field Goal"
0.8,7.75,FALSE,"02-13-2018","2PT Field Goal"
-4.1,33.35,TRUE,"02-13-2018","3PT Field Goal"
-23,13.55,TRUE,"02-13-2018","3PT Field Goal"
-5.1,29.85,FALSE,"02-13-2018","3PT Field Goal"
8.3,29.65,FALSE,"02-13-2018","3PT Field Goal"
-1.4,6.45,TRUE,"02-13-2018","2PT Field Goal"
0,30.95,TRUE,"02-13-2018","3PT Field Goal"
5.8,11.75,FALSE,"02-13-2018","2PT Field Goal"
19.1,22.65,FALSE,"02-13-2018","3PT Field Goal"
-1.4,6.35,TRUE,"02-13-2018","2PT Field Goal"
5.5,12.35,FALSE,"02-13-2018","2PT Field Goal"
0,5.25,FALSE,"02-13-2018","2PT Field Goal"
-0.6,7.35,FALSE,"02-13-2018","2PT Field Goal"
8.9,33.95,FALSE,"02-11-2018","3PT Field Goal"
11.1,16.25,FALSE,"02-11-2018","2PT Field Goal"
17.1,24.65,FALSE,"02-11-2018","3PT Field Goal"
-18.5,23.25,TRUE,"02-11-2018","3PT Field Goal"
-3.6,33.55,FALSE,"02-11-2018","3PT Field Goal"
9.2,29.55,FALSE,"02-11-2018","3PT Field Goal"
6,8.65,FALSE,"02-11-2018","2PT Field Goal"
-2.9,8.45,FALSE,"02-11-2018","2PT Field Goal"
-8.1,29.85,TRUE,"02-11-2018","3PT Field Goal"
-13,27.85,FALSE,"02-11-2018","3PT Field Goal"
-10.7,28.45,TRUE,"02-11-2018","3PT Field Goal"
6.3,24.55,TRUE,"02-11-2018","2PT Field Goal"
-13.5,27.85,FALSE,"02-11-2018","3PT Field Goal"
2,6.75,FALSE,"02-11-2018","2PT Field Goal"
-3.2,15.45,TRUE,"02-11-2018","2PT Field Goal"
-3,30.95,FALSE,"02-11-2018","3PT Field Goal"
-22.8,6.35,FALSE,"02-11-2018","3PT Field Goal"
-22.7,16.85,TRUE,"02-11-2018","3PT Field Goal"
-11.7,28.35,FALSE,"02-11-2018","3PT Field Goal"
20.1,20.45,FALSE,"02-09-2018","3PT Field Goal"
-0.6,6.15,TRUE,"02-09-2018","2PT Field Goal"
-13.6,26.35,FALSE,"02-09-2018","3PT Field Goal"
-13.9,27.85,FALSE,"02-09-2018","3PT Field Goal"
-11,29.45,TRUE,"02-09-2018","3PT Field Goal"
0.5,30.45,TRUE,"02-09-2018","3PT Field Goal"
9.9,29.15,TRUE,"02-09-2018","3PT Field Goal"
0.3,6.05,TRUE,"02-09-2018","2PT Field Goal"
-11.3,27.95,FALSE,"02-09-2018","3PT Field Goal"
-23.1,7.05,FALSE,"02-09-2018","3PT Field Goal"
6.7,15.25,FALSE,"02-09-2018","2PT Field Goal"
5.1,15.75,FALSE,"02-09-2018","2PT Field Goal"
-11.7,28.05,FALSE,"02-09-2018","3PT Field Goal"
12.1,27.45,TRUE,"02-09-2018","3PT Field Goal"
0.2,6.25,FALSE,"02-09-2018","2PT Field Goal"
-19.6,20.35,TRUE,"02-09-2018","3PT Field Goal"
-19.8,25.95,TRUE,"02-07-2018","3PT Field Goal"
10.3,28.25,TRUE,"02-07-2018","3PT Field Goal"
-1.6,6.65,FALSE,"02-07-2018","2PT Field Goal"
-20.6,18.95,TRUE,"02-07-2018","3PT Field Goal"
0,5.65,TRUE,"02-07-2018","2PT Field Goal"
1.8,30.25,FALSE,"02-07-2018","3PT Field Goal"
-0.5,30.45,FALSE,"02-07-2018","3PT Field Goal"
8.5,11.95,FALSE,"02-07-2018","2PT Field Goal"
-14.1,27.35,FALSE,"02-07-2018","3PT Field Goal"
-1.6,20.85,TRUE,"02-07-2018","2PT Field Goal"
-0.7,20.35,TRUE,"02-07-2018","2PT Field Goal"
12.4,9.55,FALSE,"02-07-2018","2PT Field Goal"
10,11.45,FALSE,"02-07-2018","2PT Field Goal"
-8.1,29.35,FALSE,"02-07-2018","3PT Field Goal"
6.7,29.85,FALSE,"02-07-2018","3PT Field Goal"
2,5.75,TRUE,"02-07-2018","2PT Field Goal"
-23.3,11.15,TRUE,"02-07-2018","3PT Field Goal"
0.6,5.35,TRUE,"02-07-2018","2PT Field Goal"
-22.7,8.15,FALSE,"02-07-2018","3PT Field Goal"
1.3,5.75,TRUE,"02-07-2018","2PT Field Goal"
3.3,10.45,FALSE,"02-07-2018","2PT Field Goal"
0.8,6.25,TRUE,"02-07-2018","2PT Field Goal"
-20.4,18.35,FALSE,"02-07-2018","3PT Field Goal"
-11.7,27.35,TRUE,"02-07-2018","3PT Field Goal"
-4,8.85,TRUE,"02-07-2018","2PT Field Goal"
9.9,28.85,TRUE,"02-06-2018","3PT Field Goal"
22.9,6.05,FALSE,"02-06-2018","3PT Field Goal"
2.4,4.85,TRUE,"02-06-2018","2PT Field Goal"
0,23.55,FALSE,"02-06-2018","2PT Field Goal"
6.8,31.25,FALSE,"02-06-2018","3PT Field Goal"
-20.3,19.05,TRUE,"02-06-2018","3PT Field Goal"
1.9,5.95,FALSE,"02-06-2018","2PT Field Goal"
1.2,5.65,TRUE,"02-06-2018","2PT Field Goal"
-22.3,16.75,FALSE,"02-06-2018","3PT Field Goal"
3.9,7.75,TRUE,"02-06-2018","2PT Field Goal"
3,31.15,TRUE,"02-06-2018","3PT Field Goal"
-21,17.95,FALSE,"02-06-2018","3PT Field Goal"
3.2,19.45,FALSE,"02-06-2018","2PT Field Goal"
2.2,6.25,FALSE,"02-06-2018","2PT Field Goal"
10.1,19.75,FALSE,"02-06-2018","2PT Field Goal"
3.3,18.15,TRUE,"02-06-2018","2PT Field Goal"
-0.2,16.55,TRUE,"02-06-2018","2PT Field Goal"
-0.9,5.65,TRUE,"02-06-2018","2PT Field Goal"
0.5,5.65,TRUE,"02-06-2018","2PT Field Goal"
2.5,31.65,FALSE,"02-06-2018","3PT Field Goal"
22.6,5.35,TRUE,"02-06-2018","3PT Field Goal"
0.4,13.55,FALSE,"02-06-2018","2PT Field Goal"
-18,21.95,FALSE,"02-06-2018","3PT Field Goal"
8.7,31.65,FALSE,"02-03-2018","3PT Field Goal"
15.8,28.45,FALSE,"02-03-2018","3PT Field Goal"
0,36.65,FALSE,"02-03-2018","3PT Field Goal"
-5.7,13.55,FALSE,"02-03-2018","2PT Field Goal"
1.6,40.95,FALSE,"02-03-2018","3PT Field Goal"
-0.6,34.25,FALSE,"02-03-2018","3PT Field Goal"
-15.5,15.45,TRUE,"02-03-2018","2PT Field Goal"
-11.4,27.75,FALSE,"02-03-2018","3PT Field Goal"
-23.1,8.05,TRUE,"02-03-2018","3PT Field Goal"
1.1,35.65,FALSE,"02-03-2018","3PT Field Goal"
-6.6,31.45,FALSE,"02-03-2018","3PT Field Goal"
-1.1,5.75,TRUE,"02-03-2018","2PT Field Goal"
4.6,29.75,FALSE,"02-03-2018","3PT Field Goal"
-0.2,5.75,TRUE,"02-03-2018","2PT Field Goal"
-0.1,6.25,TRUE,"02-03-2018","2PT Field Goal"
-0.1,32.05,FALSE,"02-03-2018","3PT Field Goal"
9.2,28.45,TRUE,"02-01-2018","3PT Field Goal"
12.5,27.85,TRUE,"02-01-2018","3PT Field Goal"
-6.8,20.55,FALSE,"02-01-2018","2PT Field Goal"
8.2,30.55,FALSE,"02-01-2018","3PT Field Goal"
8.8,31.65,FALSE,"02-01-2018","3PT Field Goal"
11.5,27.95,FALSE,"02-01-2018","3PT Field Goal"
10.9,29.35,FALSE,"02-01-2018","3PT Field Goal"
7.1,30.55,TRUE,"02-01-2018","3PT Field Goal"
-18,24.65,FALSE,"02-01-2018","3PT Field Goal"
-0.9,13.25,FALSE,"02-01-2018","2PT Field Goal"
13.3,9.05,TRUE,"02-01-2018","2PT Field Goal"
-0.3,6.65,FALSE,"02-01-2018","2PT Field Goal"
-9.4,28.95,FALSE,"02-01-2018","3PT Field Goal"
0.5,13.55,TRUE,"02-01-2018","2PT Field Goal"
5.7,28.85,FALSE,"02-01-2018","3PT Field Goal"
6.3,30.45,TRUE,"02-01-2018","3PT Field Goal"
-7.2,12.05,TRUE,"02-01-2018","2PT Field Goal"
-4.5,20.25,TRUE,"02-01-2018","2PT Field Goal"
0,7.35,TRUE,"02-01-2018","2PT Field Goal"
9.8,28.85,TRUE,"02-01-2018","3PT Field Goal"
-12,28.85,TRUE,"01-30-2018","3PT Field Goal"
0.8,5.75,FALSE,"01-30-2018","2PT Field Goal"
1.1,24.55,TRUE,"01-30-2018","2PT Field Goal"
12.2,33.35,FALSE,"01-30-2018","3PT Field Goal"
-15.4,26.55,FALSE,"01-30-2018","3PT Field Goal"
-3.2,13.55,TRUE,"01-30-2018","2PT Field Goal"
-1.4,5.85,TRUE,"01-30-2018","2PT Field Goal"
15.1,25.55,TRUE,"01-30-2018","3PT Field Goal"
-15.3,27.25,TRUE,"01-30-2018","3PT Field Goal"
11.4,14.85,FALSE,"01-30-2018","2PT Field Goal"
-8.8,29.55,TRUE,"01-30-2018","3PT Field Goal"
1.1,6.35,TRUE,"01-30-2018","2PT Field Goal"
-1.7,6.95,TRUE,"01-30-2018","2PT Field Goal"
-9.2,28.25,TRUE,"01-30-2018","3PT Field Goal"
0,17.75,TRUE,"01-30-2018","2PT Field Goal"
2.9,37.25,FALSE,"01-30-2018","3PT Field Goal"
-1.8,30.95,FALSE,"01-30-2018","3PT Field Goal"
-15.4,25.65,FALSE,"01-30-2018","3PT Field Goal"
-1.1,5.25,TRUE,"01-30-2018","2PT Field Goal"
1.2,6.25,TRUE,"01-30-2018","2PT Field Goal"
1.7,6.35,TRUE,"01-30-2018","2PT Field Goal"
-21.1,19.35,FALSE,"01-30-2018","3PT Field Goal"
-23,7.95,FALSE,"01-30-2018","3PT Field Goal"
2.3,30.95,FALSE,"01-30-2018","3PT Field Goal"
0.5,6.45,TRUE,"01-30-2018","2PT Field Goal"
0.9,6.35,TRUE,"01-30-2018","2PT Field Goal"
1.2,5.75,TRUE,"01-30-2018","2PT Field Goal"
0.6,6.85,TRUE,"01-30-2018","2PT Field Goal"
0.5,6.05,TRUE,"01-30-2018","2PT Field Goal"
-18.5,22.55,FALSE,"01-30-2018","3PT Field Goal"
-21.6,24.75,FALSE,"01-28-2018","3PT Field Goal"
-11.3,29.55,FALSE,"01-28-2018","3PT Field Goal"
-3.7,6.55,FALSE,"01-28-2018","2PT Field Goal"
21.4,24.15,FALSE,"01-28-2018","3PT Field Goal"
-12.7,28.75,FALSE,"01-28-2018","3PT Field Goal"
3.9,7.85,TRUE,"01-28-2018","2PT Field Goal"
0,4.65,TRUE,"01-28-2018","2PT Field Goal"
-4.6,8.35,FALSE,"01-28-2018","2PT Field Goal"
2.3,7.45,FALSE,"01-28-2018","2PT Field Goal"
-10.2,30.55,FALSE,"01-28-2018","3PT Field Goal"
2.9,6.85,TRUE,"01-28-2018","2PT Field Goal"
0,4.65,FALSE,"01-28-2018","2PT Field Goal"
0.9,13.25,FALSE,"01-28-2018","2PT Field Goal"
5.1,31.25,TRUE,"01-28-2018","3PT Field Goal"
21.7,17.85,FALSE,"01-28-2018","3PT Field Goal"
-2.4,6.65,TRUE,"01-28-2018","2PT Field Goal"
15.8,26.85,FALSE,"01-28-2018","3PT Field Goal"
3,6.75,TRUE,"01-28-2018","2PT Field Goal"
16.5,25.25,TRUE,"01-28-2018","3PT Field Goal"
-22.8,19.05,FALSE,"01-28-2018","3PT Field Goal"
9.3,31.25,TRUE,"01-28-2018","3PT Field Goal"
12.7,20.65,FALSE,"01-26-2018","2PT Field Goal"
2.2,30.55,FALSE,"01-26-2018","3PT Field Goal"
11,28.95,FALSE,"01-26-2018","3PT Field Goal"
2.3,6.75,TRUE,"01-26-2018","2PT Field Goal"
-15.4,24.75,FALSE,"01-26-2018","3PT Field Goal"
2,6.35,FALSE,"01-26-2018","2PT Field Goal"
3,19.25,TRUE,"01-26-2018","2PT Field Goal"
-13.4,26.75,FALSE,"01-26-2018","3PT Field Goal"
-4.7,30.35,FALSE,"01-26-2018","3PT Field Goal"
18.9,23.75,FALSE,"01-26-2018","3PT Field Goal"
-3.4,32.35,TRUE,"01-26-2018","3PT Field Goal"
1.5,6.95,FALSE,"01-26-2018","2PT Field Goal"
-22.6,7.75,FALSE,"01-26-2018","3PT Field Goal"
-5.7,17.75,TRUE,"01-26-2018","2PT Field Goal"
16.3,22.85,FALSE,"01-26-2018","3PT Field Goal"
1.3,5.65,TRUE,"01-26-2018","2PT Field Goal"
-21.1,19.95,TRUE,"01-24-2018","3PT Field Goal"
-12.8,9.65,FALSE,"01-24-2018","2PT Field Goal"
-14.6,22.25,FALSE,"01-24-2018","2PT Field Goal"
4.7,33.25,TRUE,"01-24-2018","3PT Field Goal"
5.4,30.35,TRUE,"01-24-2018","3PT Field Goal"
17.9,26.95,FALSE,"01-24-2018","3PT Field Goal"
0.8,6.35,TRUE,"01-24-2018","2PT Field Goal"
5.4,30.75,FALSE,"01-24-2018","3PT Field Goal"
-2.8,6.25,FALSE,"01-24-2018","2PT Field Goal"
-3.8,21.55,TRUE,"01-24-2018","2PT Field Goal"
0.9,6.35,TRUE,"01-24-2018","2PT Field Goal"
-12.6,27.15,FALSE,"01-24-2018","3PT Field Goal"
6.2,29.85,TRUE,"01-24-2018","3PT Field Goal"
-5.2,29.45,TRUE,"01-24-2018","3PT Field Goal"
-17.1,28.15,FALSE,"01-24-2018","3PT Field Goal"
-14.1,27.05,TRUE,"01-24-2018","3PT Field Goal"
-13.1,13.75,FALSE,"01-22-2018","2PT Field Goal"
0.8,32.35,FALSE,"01-22-2018","3PT Field Goal"
13.9,5.15,TRUE,"01-22-2018","2PT Field Goal"
5.4,33.75,TRUE,"01-22-2018","3PT Field Goal"
5.1,10.85,FALSE,"01-22-2018","2PT Field Goal"
3.8,7.15,FALSE,"01-22-2018","2PT Field Goal"
15.8,28.65,FALSE,"01-22-2018","3PT Field Goal"
23,11.55,TRUE,"01-22-2018","3PT Field Goal"
4,11.45,FALSE,"01-22-2018","2PT Field Goal"
12.3,27.95,FALSE,"01-22-2018","3PT Field Goal"
8.5,29.45,FALSE,"01-22-2018","3PT Field Goal"
0.6,31.05,FALSE,"01-22-2018","3PT Field Goal"
-1.4,31.85,TRUE,"01-22-2018","3PT Field Goal"
2.5,6.65,TRUE,"01-22-2018","2PT Field Goal"
-6,26.75,FALSE,"01-22-2018","2PT Field Goal"
3.6,8.65,FALSE,"01-22-2018","2PT Field Goal"
2.8,7.45,TRUE,"01-22-2018","2PT Field Goal"
23.1,20.05,FALSE,"01-22-2018","3PT Field Goal"
23.5,10.25,FALSE,"01-22-2018","3PT Field Goal"
-15.4,27.85,FALSE,"01-22-2018","3PT Field Goal"
-1.5,32.65,TRUE,"01-22-2018","3PT Field Goal"
2.2,6.75,TRUE,"01-22-2018","2PT Field Goal"
0.1,32.75,TRUE,"01-22-2018","3PT Field Goal"
2.4,10.65,FALSE,"01-22-2018","2PT Field Goal"
-10,13.65,FALSE,"01-22-2018","2PT Field Goal"
5.8,11.15,TRUE,"01-22-2018","2PT Field Goal"
5.8,24.65,FALSE,"01-20-2018","2PT Field Goal"
-17.1,24.15,TRUE,"01-20-2018","3PT Field Goal"
4.9,30.55,FALSE,"01-20-2018","3PT Field Goal"
-11.7,16.85,TRUE,"01-20-2018","2PT Field Goal"
-3.9,30.05,FALSE,"01-20-2018","3PT Field Goal"
-3,30.05,TRUE,"01-20-2018","3PT Field Goal"
0.2,30.85,FALSE,"01-20-2018","3PT Field Goal"
0.2,6.95,FALSE,"01-20-2018","2PT Field Goal"
0.5,6.45,TRUE,"01-20-2018","2PT Field Goal"
-14.6,26.25,FALSE,"01-20-2018","3PT Field Goal"
-1,8.15,FALSE,"01-20-2018","2PT Field Goal"
1.3,7.35,FALSE,"01-20-2018","2PT Field Goal"
-0.3,10.45,TRUE,"01-20-2018","2PT Field Goal"
-7.5,30.15,TRUE,"01-20-2018","3PT Field Goal"
-10.9,26.95,TRUE,"01-20-2018","3PT Field Goal"
-8.9,28.75,TRUE,"01-20-2018","3PT Field Goal"
4.8,31.65,FALSE,"01-18-2018","3PT Field Goal"
0.9,21.15,FALSE,"01-18-2018","2PT Field Goal"
9.2,6.95,FALSE,"01-18-2018","2PT Field Goal"
0,30.85,TRUE,"01-18-2018","3PT Field Goal"
1.1,6.75,FALSE,"01-18-2018","2PT Field Goal"
-2.2,32.35,FALSE,"01-18-2018","3PT Field Goal"
-12,15.55,FALSE,"01-18-2018","2PT Field Goal"
3,6.95,TRUE,"01-18-2018","2PT Field Goal"
1.1,5.65,TRUE,"01-18-2018","2PT Field Goal"
-10.3,11.65,FALSE,"01-18-2018","2PT Field Goal"
1.5,5.85,FALSE,"01-18-2018","2PT Field Goal"
4,12.55,FALSE,"01-18-2018","2PT Field Goal"
-4.4,31.75,FALSE,"01-18-2018","3PT Field Goal"
23.5,14.25,FALSE,"01-18-2018","3PT Field Goal"
8.5,21.15,FALSE,"01-18-2018","2PT Field Goal"
-0.3,5.35,FALSE,"12-31-2017","2PT Field Goal"
0,5.75,TRUE,"12-31-2017","2PT Field Goal"
-0.1,10.35,TRUE,"12-31-2017","2PT Field Goal"
-9.6,29.45,TRUE,"12-31-2017","3PT Field Goal"
-10.1,28.75,FALSE,"12-31-2017","3PT Field Goal"
9.8,18.95,TRUE,"12-31-2017","2PT Field Goal"
-2.7,31.05,TRUE,"12-31-2017","3PT Field Goal"
-0.1,5.15,TRUE,"12-31-2017","2PT Field Goal"
-0.6,6.05,FALSE,"12-31-2017","2PT Field Goal"
-11,10.05,FALSE,"12-31-2017","2PT Field Goal"
-4.6,30.85,FALSE,"12-31-2017","3PT Field Goal"
-0.8,30.85,FALSE,"12-31-2017","3PT Field Goal"
1.7,6.75,FALSE,"12-31-2017","2PT Field Goal"
16.3,25.75,FALSE,"12-31-2017","3PT Field Goal"
2.9,8.35,TRUE,"12-31-2017","2PT Field Goal"
-17.8,22.55,FALSE,"12-31-2017","3PT Field Goal"
0.3,7.35,TRUE,"12-31-2017","2PT Field Goal"
0.6,6.75,FALSE,"12-31-2017","2PT Field Goal"
16.6,24.95,TRUE,"12-31-2017","3PT Field Goal"
12.8,4.75,TRUE,"12-31-2017","2PT Field Goal"
1.1,6.25,FALSE,"12-29-2017","2PT Field Goal"
7.7,32.25,FALSE,"12-29-2017","3PT Field Goal"
0.3,5.35,TRUE,"12-29-2017","2PT Field Goal"
0.7,15.15,FALSE,"12-29-2017","2PT Field Goal"
-0.9,31.15,FALSE,"12-29-2017","3PT Field Goal"
2.8,10.45,TRUE,"12-29-2017","2PT Field Goal"
-9.8,28.75,FALSE,"12-29-2017","3PT Field Goal"
1.4,5.75,TRUE,"12-29-2017","2PT Field Goal"
1.3,6.05,TRUE,"12-29-2017","2PT Field Goal"
0.8,6.25,TRUE,"12-29-2017","2PT Field Goal"
1.4,8.65,TRUE,"12-29-2017","2PT Field Goal"
-0.1,6.35,FALSE,"12-29-2017","2PT Field Goal"
2.2,25.65,FALSE,"12-29-2017","2PT Field Goal"
-12.2,32.35,TRUE,"12-29-2017","3PT Field Goal"
-7.1,37.75,FALSE,"12-28-2017","3PT Field Goal"
-19.6,23.15,FALSE,"12-28-2017","3PT Field Goal"
-0.9,8.65,FALSE,"12-28-2017","2PT Field Goal"
18.5,24.05,TRUE,"12-28-2017","3PT Field Goal"
-14.5,26.75,FALSE,"12-28-2017","3PT Field Goal"
1.9,6.95,FALSE,"12-28-2017","2PT Field Goal"
-17.4,24.75,FALSE,"12-28-2017","3PT Field Goal"
-4.4,30.85,TRUE,"12-28-2017","3PT Field Goal"
14.7,29.35,FALSE,"12-28-2017","3PT Field Goal"
1.1,6.35,FALSE,"12-28-2017","2PT Field Goal"
14.8,31.45,FALSE,"12-28-2017","3PT Field Goal"
0.2,7.75,FALSE,"12-28-2017","2PT Field Goal"
-0.4,9.05,FALSE,"12-28-2017","2PT Field Goal"
-0.6,7.45,FALSE,"12-28-2017","2PT Field Goal"
-21.7,17.45,TRUE,"12-28-2017","3PT Field Goal"
0.6,6.05,FALSE,"12-28-2017","2PT Field Goal"
-3.7,32.55,FALSE,"12-28-2017","3PT Field Goal"
5.7,31.65,TRUE,"12-28-2017","3PT Field Goal"
1.4,32.65,TRUE,"12-28-2017","3PT Field Goal"
-1.9,8.15,FALSE,"12-28-2017","2PT Field Goal"
-22.8,10.95,FALSE,"12-28-2017","3PT Field Goal"
-0.1,8.35,FALSE,"12-28-2017","2PT Field Goal"
13.9,26.35,FALSE,"12-28-2017","3PT Field Goal"
-1.9,7.85,FALSE,"12-28-2017","2PT Field Goal"
-1.1,6.65,TRUE,"12-28-2017","2PT Field Goal"
-0.5,6.55,TRUE,"12-28-2017","2PT Field Goal"
22.6,3.75,FALSE,"12-28-2017","3PT Field Goal"
3.8,29.15,FALSE,"12-25-2017","3PT Field Goal"
0.6,5.25,TRUE,"12-25-2017","2PT Field Goal"
0.2,5.55,TRUE,"12-25-2017","2PT Field Goal"
-9.4,28.95,FALSE,"12-25-2017","3PT Field Goal"
4.8,17.15,FALSE,"12-25-2017","2PT Field Goal"
0.6,5.15,TRUE,"12-25-2017","2PT Field Goal"
14.9,24.75,FALSE,"12-25-2017","3PT Field Goal"
0.6,5.75,TRUE,"12-25-2017","2PT Field Goal"
12.2,26.75,TRUE,"12-25-2017","3PT Field Goal"
-13,29.35,TRUE,"12-25-2017","3PT Field Goal"
0,60.25,FALSE,"12-25-2017","3PT Field Goal"
0,9.15,FALSE,"12-25-2017","2PT Field Goal"
9.4,29.15,FALSE,"12-25-2017","3PT Field Goal"
-22.3,5.35,FALSE,"12-25-2017","3PT Field Goal"
0.3,32.45,TRUE,"12-25-2017","3PT Field Goal"
15.3,26.15,FALSE,"12-25-2017","3PT Field Goal"
1.6,5.85,FALSE,"12-25-2017","2PT Field Goal"
-9.8,28.25,FALSE,"12-25-2017","3PT Field Goal"
-1.1,6.35,TRUE,"12-22-2017","2PT Field Goal"
5.9,30.45,FALSE,"12-22-2017","3PT Field Goal"
-2.5,30.25,TRUE,"12-22-2017","3PT Field Goal"
0.9,5.65,TRUE,"12-22-2017","2PT Field Goal"
0.2,6.85,TRUE,"12-22-2017","2PT Field Goal"
1.1,5.65,TRUE,"12-22-2017","2PT Field Goal"
8.1,11.15,FALSE,"12-22-2017","2PT Field Goal"
-9.8,16.55,FALSE,"12-22-2017","2PT Field Goal"
-15.5,25.85,FALSE,"12-22-2017","3PT Field Goal"
0.2,30.45,FALSE,"12-22-2017","3PT Field Goal"
23.8,7.25,FALSE,"12-22-2017","3PT Field Goal"
-0.2,6.55,TRUE,"12-22-2017","2PT Field Goal"
-6.3,29.95,TRUE,"12-22-2017","3PT Field Goal"
0.3,14.05,TRUE,"12-22-2017","2PT Field Goal"
2,31.15,FALSE,"12-22-2017","3PT Field Goal"
11.6,10.75,TRUE,"12-22-2017","2PT Field Goal"
-5.8,13.15,FALSE,"12-22-2017","2PT Field Goal"
-12.4,29.45,FALSE,"12-22-2017","3PT Field Goal"
7.7,29.15,FALSE,"12-22-2017","3PT Field Goal"
8.9,29.55,TRUE,"12-22-2017","3PT Field Goal"
-3.6,30.45,TRUE,"12-22-2017","3PT Field Goal"
2.2,7.55,FALSE,"12-22-2017","2PT Field Goal"
1.4,6.95,FALSE,"12-22-2017","2PT Field Goal"
0.8,30.95,TRUE,"12-22-2017","3PT Field Goal"
-0.2,4.65,TRUE,"12-22-2017","2PT Field Goal"
0.9,6.45,TRUE,"12-22-2017","2PT Field Goal"
1.3,30.55,FALSE,"12-22-2017","3PT Field Goal"
9.5,28.95,TRUE,"12-22-2017","3PT Field Goal"
0.4,6.25,TRUE,"12-20-2017","2PT Field Goal"
-1.9,6.15,TRUE,"12-20-2017","2PT Field Goal"
8.7,29.25,TRUE,"12-20-2017","3PT Field Goal"
-9.2,16.15,FALSE,"12-20-2017","2PT Field Goal"
1.1,6.55,FALSE,"12-20-2017","2PT Field Goal"
9.6,16.35,FALSE,"12-20-2017","2PT Field Goal"
-0.9,5.55,FALSE,"12-20-2017","2PT Field Goal"
0.4,6.05,FALSE,"12-20-2017","2PT Field Goal"
1.5,12.95,FALSE,"12-20-2017","2PT Field Goal"
0.4,6.55,TRUE,"12-20-2017","2PT Field Goal"
-10.3,28.85,TRUE,"12-20-2017","3PT Field Goal"
0.2,13.45,FALSE,"12-20-2017","2PT Field Goal"
1.3,4.85,TRUE,"12-20-2017","2PT Field Goal"
-9.5,29.55,TRUE,"12-20-2017","3PT Field Goal"
1.6,7.75,TRUE,"12-20-2017","2PT Field Goal"
-1.1,6.05,TRUE,"12-20-2017","2PT Field Goal"
1.1,6.35,TRUE,"12-20-2017","2PT Field Goal"
1.3,9.85,TRUE,"12-20-2017","2PT Field Goal"
-0.6,7.85,TRUE,"12-20-2017","2PT Field Goal"
22.5,6.85,TRUE,"12-20-2017","3PT Field Goal"
-5.8,30.15,FALSE,"12-20-2017","3PT Field Goal"
-1.1,6.35,FALSE,"12-20-2017","2PT Field Goal"
1.3,5.65,TRUE,"12-20-2017","2PT Field Goal"
2.3,6.05,FALSE,"12-20-2017","2PT Field Goal"
5.1,16.75,FALSE,"12-20-2017","2PT Field Goal"
-12.9,27.95,FALSE,"12-20-2017","3PT Field Goal"
6.5,18.05,TRUE,"12-20-2017","2PT Field Goal"
1.8,34.05,FALSE,"12-18-2017","3PT Field Goal"
-13.4,28.45,TRUE,"12-18-2017","3PT Field Goal"
9.6,22.55,FALSE,"12-18-2017","2PT Field Goal"
0.3,6.25,TRUE,"12-18-2017","2PT Field Goal"
0.2,31.45,FALSE,"12-18-2017","3PT Field Goal"
17,23.85,FALSE,"12-18-2017","3PT Field Goal"
7.6,31.65,FALSE,"12-18-2017","3PT Field Goal"
11.6,27.35,TRUE,"12-18-2017","3PT Field Goal"
22.5,9.95,FALSE,"12-18-2017","3PT Field Goal"
12.3,14.45,FALSE,"12-18-2017","2PT Field Goal"
-0.8,31.45,FALSE,"12-18-2017","3PT Field Goal"
-15.3,15.25,TRUE,"12-18-2017","2PT Field Goal"
1.9,9.85,FALSE,"12-18-2017","2PT Field Goal"
-12.1,28.25,FALSE,"12-18-2017","3PT Field Goal"
-18.7,22.85,TRUE,"12-18-2017","3PT Field Goal"
12.3,27.45,FALSE,"12-18-2017","3PT Field Goal"
10,29.45,TRUE,"12-18-2017","3PT Field Goal"
16.9,29.55,FALSE,"12-16-2017","3PT Field Goal"
14.4,25.15,TRUE,"12-16-2017","3PT Field Goal"
16.9,23.65,FALSE,"12-16-2017","3PT Field Goal"
-0.6,6.35,TRUE,"12-16-2017","2PT Field Goal"
12.7,27.85,TRUE,"12-16-2017","3PT Field Goal"
-0.3,11.05,FALSE,"12-16-2017","2PT Field Goal"
-1.1,6.15,TRUE,"12-16-2017","2PT Field Goal"
0.2,32.55,FALSE,"12-16-2017","3PT Field Goal"
-0.1,6.05,FALSE,"12-16-2017","2PT Field Goal"
-11.2,27.75,FALSE,"12-16-2017","3PT Field Goal"
-0.2,7.05,FALSE,"12-16-2017","2PT Field Goal"
2.5,31.75,TRUE,"12-16-2017","3PT Field Goal"
0.5,7.05,TRUE,"12-16-2017","2PT Field Goal"
5,8.25,FALSE,"12-16-2017","2PT Field Goal"
20.2,20.55,FALSE,"12-16-2017","3PT Field Goal"
13.6,28.55,FALSE,"12-16-2017","3PT Field Goal"
-2.2,11.45,FALSE,"12-16-2017","2PT Field Goal"
0.9,6.05,FALSE,"12-16-2017","2PT Field Goal"
11,28.75,TRUE,"12-16-2017","3PT Field Goal"
-10.1,9.25,FALSE,"12-16-2017","2PT Field Goal"
0.9,6.75,TRUE,"12-16-2017","2PT Field Goal"
19.3,28.05,FALSE,"12-15-2017","3PT Field Goal"
18.2,27.85,TRUE,"12-15-2017","3PT Field Goal"
17.5,11.65,TRUE,"12-15-2017","2PT Field Goal"
13.1,11.15,TRUE,"12-15-2017","2PT Field Goal"
-5.5,29.35,FALSE,"12-15-2017","3PT Field Goal"
5.8,9.05,TRUE,"12-15-2017","2PT Field Goal"
19.1,23.75,FALSE,"12-15-2017","3PT Field Goal"
1.2,5.95,FALSE,"12-15-2017","2PT Field Goal"
8.1,17.65,FALSE,"12-15-2017","2PT Field Goal"
-0.9,30.45,FALSE,"12-15-2017","3PT Field Goal"
7,30.45,TRUE,"12-15-2017","3PT Field Goal"
-16.1,24.15,FALSE,"12-15-2017","3PT Field Goal"
-19.8,21.65,FALSE,"12-15-2017","3PT Field Goal"
-9,32.15,FALSE,"12-15-2017","3PT Field Goal"
9.2,28.35,FALSE,"12-15-2017","3PT Field Goal"
-7.3,28.95,FALSE,"12-15-2017","3PT Field Goal"
0.4,5.35,TRUE,"12-15-2017","2PT Field Goal"
-2.3,5.05,FALSE,"12-15-2017","2PT Field Goal"
-11.4,28.35,FALSE,"12-13-2017","3PT Field Goal"
9.3,19.85,FALSE,"12-13-2017","2PT Field Goal"
-9.2,29.45,FALSE,"12-13-2017","3PT Field Goal"
17.7,23.65,FALSE,"12-13-2017","3PT Field Goal"
-22,18.35,TRUE,"12-13-2017","3PT Field Goal"
-1.2,6.15,FALSE,"12-13-2017","2PT Field Goal"
0,5.65,TRUE,"12-13-2017","2PT Field Goal"
1.9,31.65,TRUE,"12-13-2017","3PT Field Goal"
-0.7,5.55,TRUE,"12-13-2017","2PT Field Goal"
0.6,8.65,FALSE,"12-13-2017","2PT Field Goal"
4.7,22.25,FALSE,"12-13-2017","2PT Field Goal"
22.3,15.75,FALSE,"12-13-2017","3PT Field Goal"
1.6,7.05,FALSE,"12-13-2017","2PT Field Goal"
11.4,5.45,FALSE,"12-13-2017","2PT Field Goal"
3.7,9.05,TRUE,"12-13-2017","2PT Field Goal"
10.4,29.85,FALSE,"12-13-2017","3PT Field Goal"
0.7,5.85,TRUE,"12-13-2017","2PT Field Goal"
-9.5,28.45,FALSE,"12-13-2017","3PT Field Goal"
-0.2,18.85,TRUE,"12-13-2017","2PT Field Goal"
0.5,31.25,FALSE,"12-13-2017","3PT Field Goal"
-16,25.15,TRUE,"12-13-2017","3PT Field Goal"
0,6.85,FALSE,"12-13-2017","2PT Field Goal"
-12.2,27.85,TRUE,"12-11-2017","3PT Field Goal"
-7.9,29.95,FALSE,"12-11-2017","3PT Field Goal"
-1.4,31.55,TRUE,"12-11-2017","3PT Field Goal"
-0.5,7.75,TRUE,"12-11-2017","2PT Field Goal"
-8.5,29.45,FALSE,"12-11-2017","3PT Field Goal"
-1.1,8.15,FALSE,"12-11-2017","2PT Field Goal"
7.5,31.65,FALSE,"12-11-2017","3PT Field Goal"
-2.5,7.95,TRUE,"12-11-2017","2PT Field Goal"
-14.2,25.75,FALSE,"12-11-2017","3PT Field Goal"
-13.3,26.65,FALSE,"12-11-2017","3PT Field Goal"
1.7,6.35,TRUE,"12-11-2017","2PT Field Goal"
-0.8,6.75,TRUE,"12-11-2017","2PT Field Goal"
-1,5.85,FALSE,"12-11-2017","2PT Field Goal"
-0.8,31.95,FALSE,"12-11-2017","3PT Field Goal"
17.2,24.75,TRUE,"12-11-2017","3PT Field Goal"
20.7,21.25,TRUE,"12-11-2017","3PT Field Goal"
0.7,5.25,TRUE,"12-09-2017","2PT Field Goal"
1.2,4.75,TRUE,"12-09-2017","2PT Field Goal"
1.1,4.75,TRUE,"12-09-2017","2PT Field Goal"
1.7,5.75,FALSE,"12-09-2017","2PT Field Goal"
-8.4,28.95,TRUE,"12-09-2017","3PT Field Goal"
0.3,6.05,TRUE,"12-09-2017","2PT Field Goal"
0.7,5.35,TRUE,"12-09-2017","2PT Field Goal"
2.2,5.85,FALSE,"12-09-2017","2PT Field Goal"
-0.2,13.25,TRUE,"12-09-2017","2PT Field Goal"
-11.4,27.05,FALSE,"12-09-2017","3PT Field Goal"
-8.5,28.55,FALSE,"12-09-2017","3PT Field Goal"
11,21.45,TRUE,"12-09-2017","2PT Field Goal"
11.2,18.25,TRUE,"12-09-2017","2PT Field Goal"
1,6.65,FALSE,"12-09-2017","2PT Field Goal"
0.4,7.65,FALSE,"12-09-2017","2PT Field Goal"
-0.5,6.55,TRUE,"12-09-2017","2PT Field Goal"
0.4,5.85,TRUE,"12-09-2017","2PT Field Goal"
5.5,9.95,FALSE,"12-09-2017","2PT Field Goal"
-9.5,29.85,FALSE,"12-09-2017","3PT Field Goal"
1.4,6.25,FALSE,"12-09-2017","2PT Field Goal"
-6.5,29.85,TRUE,"12-09-2017","3PT Field Goal"
-0.9,7.35,FALSE,"12-09-2017","2PT Field Goal"
0.8,8.35,FALSE,"12-09-2017","2PT Field Goal"
0.2,6.75,TRUE,"12-09-2017","2PT Field Goal"
-18,23.25,TRUE,"12-09-2017","3PT Field Goal"
0.5,14.25,TRUE,"12-09-2017","2PT Field Goal"
7.9,28.95,TRUE,"12-09-2017","3PT Field Goal"
0,4.65,FALSE,"12-09-2017","2PT Field Goal"
-0.7,11.45,FALSE,"12-09-2017","2PT Field Goal"
17.4,25.75,FALSE,"12-07-2017","3PT Field Goal"
-12.3,28.55,FALSE,"12-07-2017","3PT Field Goal"
-8.1,34.15,FALSE,"12-07-2017","3PT Field Goal"
-0.5,6.95,TRUE,"12-07-2017","2PT Field Goal"
-10.2,27.95,FALSE,"12-07-2017","3PT Field Goal"
-9.8,28.25,TRUE,"12-07-2017","3PT Field Goal"
18.5,24.35,TRUE,"12-07-2017","3PT Field Goal"
16.1,26.65,TRUE,"12-07-2017","3PT Field Goal"
-5.1,28.85,FALSE,"12-07-2017","3PT Field Goal"
-0.3,6.65,TRUE,"12-07-2017","2PT Field Goal"
1.6,5.85,TRUE,"12-07-2017","2PT Field Goal"
9.7,14.25,FALSE,"12-07-2017","2PT Field Goal"
1.3,5.75,FALSE,"12-07-2017","2PT Field Goal"
-18,25.05,FALSE,"12-07-2017","3PT Field Goal"
-23.7,5.25,FALSE,"12-07-2017","3PT Field Goal"
18.8,21.55,TRUE,"12-07-2017","3PT Field Goal"
17.6,23.65,FALSE,"12-07-2017","3PT Field Goal"
-6.8,21.65,TRUE,"12-07-2017","2PT Field Goal"
-4.6,15.05,FALSE,"12-07-2017","2PT Field Goal"
-13,27.45,TRUE,"12-03-2017","3PT Field Goal"
13.6,27.85,FALSE,"12-03-2017","3PT Field Goal"
1.3,8.35,TRUE,"12-03-2017","2PT Field Goal"
10,29.45,FALSE,"12-03-2017","3PT Field Goal"
10.1,18.15,FALSE,"12-03-2017","2PT Field Goal"
1.1,6.35,TRUE,"12-03-2017","2PT Field Goal"
15.2,27.35,FALSE,"12-03-2017","3PT Field Goal"
0.4,8.75,FALSE,"12-03-2017","2PT Field Goal"
6.3,18.95,TRUE,"12-03-2017","2PT Field Goal"
-0.8,6.55,TRUE,"12-03-2017","2PT Field Goal"
8,20.35,FALSE,"12-03-2017","2PT Field Goal"
-0.5,7.45,TRUE,"12-03-2017","2PT Field Goal"
-22.5,15.95,TRUE,"12-03-2017","3PT Field Goal"
-15.7,26.15,TRUE,"12-03-2017","3PT Field Goal"
2.3,7.95,TRUE,"12-03-2017","2PT Field Goal"
-0.3,6.95,TRUE,"12-03-2017","2PT Field Goal"
-13.6,29.35,TRUE,"12-03-2017","3PT Field Goal"
1.3,6.75,TRUE,"12-03-2017","2PT Field Goal"
0.1,6.45,TRUE,"12-03-2017","2PT Field Goal"
1.1,7.05,FALSE,"12-03-2017","2PT Field Goal"
14.2,28.25,FALSE,"12-03-2017","3PT Field Goal"
-14.9,29.15,FALSE,"12-03-2017","3PT Field Goal"
3.3,30.95,TRUE,"11-29-2017","3PT Field Goal"
-4.6,33.55,FALSE,"11-29-2017","3PT Field Goal"
8.4,33.95,FALSE,"11-29-2017","3PT Field Goal"
-19.5,21.95,TRUE,"11-29-2017","3PT Field Goal"
6.7,29.15,TRUE,"11-29-2017","3PT Field Goal"
10.7,27.15,TRUE,"11-29-2017","3PT Field Goal"
12,5.65,FALSE,"11-29-2017","2PT Field Goal"
1.4,5.85,TRUE,"11-29-2017","2PT Field Goal"
-17.1,23.25,FALSE,"11-29-2017","3PT Field Goal"
-13,13.45,FALSE,"11-29-2017","2PT Field Goal"
1,30.85,FALSE,"11-29-2017","3PT Field Goal"
-5.7,30.35,FALSE,"11-29-2017","3PT Field Goal"
3.2,8.15,FALSE,"11-29-2017","2PT Field Goal"
1.1,6.35,FALSE,"11-29-2017","2PT Field Goal"
20.8,13.75,FALSE,"11-29-2017","2PT Field Goal"
1.9,5.85,TRUE,"11-29-2017","2PT Field Goal"
-2.4,32.05,FALSE,"11-29-2017","3PT Field Goal"
1.4,5.65,TRUE,"11-29-2017","2PT Field Goal"
0.9,8.85,FALSE,"11-29-2017","2PT Field Goal"
16.3,25.65,FALSE,"11-29-2017","3PT Field Goal"
-2,11.25,TRUE,"11-29-2017","2PT Field Goal"
8.2,29.55,FALSE,"11-29-2017","3PT Field Goal"
-17.7,24.15,FALSE,"11-27-2017","3PT Field Goal"
9.5,31.75,FALSE,"11-27-2017","3PT Field Goal"
-22.6,14.35,TRUE,"11-27-2017","3PT Field Goal"
0.6,31.05,FALSE,"11-27-2017","3PT Field Goal"
-10.3,29.45,FALSE,"11-27-2017","3PT Field Goal"
-18.3,23.65,TRUE,"11-27-2017","3PT Field Goal"
0.5,6.55,TRUE,"11-27-2017","2PT Field Goal"
-4.9,30.15,FALSE,"11-27-2017","3PT Field Goal"
0.6,5.45,TRUE,"11-27-2017","2PT Field Goal"
5.5,23.15,FALSE,"11-27-2017","2PT Field Goal"
-0.9,5.85,TRUE,"11-27-2017","2PT Field Goal"
0.2,5.85,FALSE,"11-27-2017","2PT Field Goal"
-18.5,22.45,TRUE,"11-27-2017","3PT Field Goal"
-0.3,5.65,TRUE,"11-27-2017","2PT Field Goal"
3.2,29.85,TRUE,"11-27-2017","3PT Field Goal"
13,26.15,TRUE,"11-27-2017","3PT Field Goal"
4.8,29.85,TRUE,"11-27-2017","3PT Field Goal"
11.2,28.15,TRUE,"11-27-2017","3PT Field Goal"
16.5,4.75,TRUE,"11-27-2017","2PT Field Goal"
8.6,28.35,TRUE,"11-27-2017","3PT Field Goal"
-5,11.45,FALSE,"11-25-2017","2PT Field Goal"
12.2,13.75,FALSE,"11-25-2017","2PT Field Goal"
-21,21.65,FALSE,"11-25-2017","3PT Field Goal"
10.5,20.95,FALSE,"11-25-2017","2PT Field Goal"
19.3,26.15,FALSE,"11-25-2017","3PT Field Goal"
-0.5,5.75,TRUE,"11-25-2017","2PT Field Goal"
-10.9,29.45,TRUE,"11-25-2017","3PT Field Goal"
-0.8,31.05,TRUE,"11-25-2017","3PT Field Goal"
-4.6,32.55,FALSE,"11-25-2017","3PT Field Goal"
8,29.55,FALSE,"11-25-2017","3PT Field Goal"
10.2,15.25,FALSE,"11-25-2017","2PT Field Goal"
5.2,19.95,TRUE,"11-25-2017","2PT Field Goal"
0.3,5.35,TRUE,"11-25-2017","2PT Field Goal"
-4,16.05,FALSE,"11-25-2017","2PT Field Goal"
-16.5,26.75,TRUE,"11-25-2017","3PT Field Goal"
-15,27.05,FALSE,"11-25-2017","3PT Field Goal"
1.3,33.75,TRUE,"11-25-2017","3PT Field Goal"
-1.3,5.95,TRUE,"11-25-2017","2PT Field Goal"
-13.8,30.05,TRUE,"11-25-2017","3PT Field Goal"
4.5,12.15,FALSE,"11-25-2017","2PT Field Goal"
0,15.95,TRUE,"11-25-2017","2PT Field Goal"
-19,23.75,FALSE,"11-25-2017","3PT Field Goal"
-0.6,5.45,TRUE,"11-25-2017","2PT Field Goal"
7.6,11.55,TRUE,"11-25-2017","2PT Field Goal"
10.1,28.85,FALSE,"11-25-2017","3PT Field Goal"
0.2,7.35,FALSE,"11-25-2017","2PT Field Goal"
-0.3,31.95,FALSE,"11-25-2017","3PT Field Goal"
-0.2,5.55,FALSE,"11-22-2017","2PT Field Goal"
12.2,27.15,FALSE,"11-22-2017","3PT Field Goal"
-0.2,5.35,TRUE,"11-22-2017","2PT Field Goal"
-10.6,20.05,FALSE,"11-22-2017","2PT Field Goal"
14.6,27.45,FALSE,"11-22-2017","3PT Field Goal"
-10.6,28.35,FALSE,"11-22-2017","3PT Field Goal"
22.3,12.75,FALSE,"11-22-2017","3PT Field Goal"
-0.8,32.75,FALSE,"11-22-2017","3PT Field Goal"
0,5.85,TRUE,"11-22-2017","2PT Field Goal"
-7.6,31.05,TRUE,"11-22-2017","3PT Field Goal"
-7,30.85,FALSE,"11-22-2017","3PT Field Goal"
13.2,7.55,TRUE,"11-22-2017","2PT Field Goal"
0.8,5.95,TRUE,"11-22-2017","2PT Field Goal"
1.1,5.45,TRUE,"11-22-2017","2PT Field Goal"
3.3,8.85,FALSE,"11-22-2017","2PT Field Goal"
1.7,11.05,FALSE,"11-22-2017","2PT Field Goal"
-0.3,15.05,TRUE,"11-18-2017","2PT Field Goal"
1.3,31.45,FALSE,"11-18-2017","3PT Field Goal"
13.1,27.85,TRUE,"11-18-2017","3PT Field Goal"
-9.6,29.15,FALSE,"11-18-2017","3PT Field Goal"
-13.8,27.25,TRUE,"11-18-2017","3PT Field Goal"
0.5,5.85,TRUE,"11-18-2017","2PT Field Goal"
-20.4,20.95,TRUE,"11-18-2017","3PT Field Goal"
0.3,5.75,FALSE,"11-18-2017","2PT Field Goal"
-9.6,12.15,FALSE,"11-18-2017","2PT Field Goal"
-16.8,24.15,FALSE,"11-18-2017","3PT Field Goal"
-9.3,29.15,TRUE,"11-18-2017","3PT Field Goal"
0.3,5.85,FALSE,"11-18-2017","2PT Field Goal"
11.6,28.55,FALSE,"11-18-2017","3PT Field Goal"
0,6.05,FALSE,"11-18-2017","2PT Field Goal"
-23.2,15.25,TRUE,"11-18-2017","3PT Field Goal"
7.3,31.15,FALSE,"11-18-2017","3PT Field Goal"
0.6,6.35,TRUE,"11-18-2017","2PT Field Goal"
3.3,9.15,FALSE,"11-18-2017","2PT Field Goal"
11.7,28.85,FALSE,"11-18-2017","3PT Field Goal"
-22.3,6.85,TRUE,"11-18-2017","3PT Field Goal"
-20,21.65,FALSE,"11-16-2017","3PT Field Goal"
-2.1,5.85,FALSE,"11-16-2017","2PT Field Goal"
2.5,8.05,FALSE,"11-16-2017","2PT Field Goal"
1.2,6.35,TRUE,"11-16-2017","2PT Field Goal"
-15.1,27.25,FALSE,"11-16-2017","3PT Field Goal"
9.5,29.65,FALSE,"11-16-2017","3PT Field Goal"
21.9,18.95,TRUE,"11-16-2017","3PT Field Goal"
1.3,5.95,TRUE,"11-16-2017","2PT Field Goal"
22.4,20.35,FALSE,"11-16-2017","3PT Field Goal"
-13.9,26.85,FALSE,"11-16-2017","3PT Field Goal"
1.4,5.65,FALSE,"11-16-2017","2PT Field Goal"
-1.2,5.75,TRUE,"11-16-2017","2PT Field Goal"
-18.1,25.55,TRUE,"11-16-2017","3PT Field Goal"
-0.2,6.55,TRUE,"11-16-2017","2PT Field Goal"
2.7,6.35,FALSE,"11-16-2017","2PT Field Goal"
13.9,26.85,TRUE,"11-16-2017","3PT Field Goal"
-12.8,27.15,TRUE,"11-16-2017","3PT Field Goal"
1,4.55,TRUE,"11-16-2017","2PT Field Goal"
-4.9,6.75,FALSE,"11-16-2017","2PT Field Goal"
12.5,27.95,TRUE,"11-16-2017","3PT Field Goal"
19.2,21.35,TRUE,"11-16-2017","3PT Field Goal"
3,5.85,TRUE,"11-16-2017","2PT Field Goal"
0.5,7.15,FALSE,"11-14-2017","2PT Field Goal"
1.3,4.75,FALSE,"11-14-2017","2PT Field Goal"
9.8,27.85,FALSE,"11-14-2017","3PT Field Goal"
22.7,6.95,TRUE,"11-14-2017","3PT Field Goal"
4.6,7.65,FALSE,"11-14-2017","2PT Field Goal"
-1.7,5.85,TRUE,"11-14-2017","2PT Field Goal"
9.2,28.75,FALSE,"11-14-2017","3PT Field Goal"
0.8,5.75,FALSE,"11-14-2017","2PT Field Goal"
-1.9,32.15,FALSE,"11-14-2017","3PT Field Goal"
1,5.25,FALSE,"11-14-2017","2PT Field Goal"
-11.6,28.25,FALSE,"11-14-2017","3PT Field Goal"
9.8,18.15,FALSE,"11-14-2017","2PT Field Goal"
15.6,20.75,FALSE,"11-14-2017","2PT Field Goal"
0.5,4.95,TRUE,"11-14-2017","2PT Field Goal"
1.1,5.85,FALSE,"11-14-2017","2PT Field Goal"
-15.2,26.45,FALSE,"11-14-2017","3PT Field Goal"
14.1,27.05,FALSE,"11-14-2017","3PT Field Goal"
14.5,26.15,FALSE,"11-14-2017","3PT Field Goal"
0.3,6.05,TRUE,"11-14-2017","2PT Field Goal"
0.9,6.35,TRUE,"11-14-2017","2PT Field Goal"
-9,29.45,TRUE,"11-14-2017","3PT Field Goal"
-4.8,31.05,TRUE,"11-14-2017","3PT Field Goal"
1.2,5.45,TRUE,"11-14-2017","2PT Field Goal"
-10.3,28.85,FALSE,"11-14-2017","3PT Field Goal"
0.7,12.55,FALSE,"11-14-2017","2PT Field Goal"
6.7,31.55,FALSE,"11-12-2017","3PT Field Goal"
0.3,34.55,FALSE,"11-12-2017","3PT Field Goal"
17.7,26.65,FALSE,"11-12-2017","3PT Field Goal"
-14.1,16.45,TRUE,"11-12-2017","2PT Field Goal"
20.2,23.05,FALSE,"11-12-2017","3PT Field Goal"
16.4,28.25,FALSE,"11-12-2017","3PT Field Goal"
0.6,24.15,TRUE,"11-12-2017","2PT Field Goal"
0.6,6.55,FALSE,"11-12-2017","2PT Field Goal"
-16.2,25.45,TRUE,"11-12-2017","3PT Field Goal"
8.7,30.75,FALSE,"11-12-2017","3PT Field Goal"
-8.1,33.65,FALSE,"11-12-2017","3PT Field Goal"
-1.6,31.85,TRUE,"11-12-2017","3PT Field Goal"
0.5,6.65,TRUE,"11-12-2017","2PT Field Goal"
12.5,28.35,TRUE,"11-12-2017","3PT Field Goal"
4,6.05,TRUE,"11-12-2017","2PT Field Goal"
-8.1,31.25,FALSE,"11-12-2017","3PT Field Goal"
0.2,6.55,TRUE,"11-12-2017","2PT Field Goal"
-0.1,7.65,FALSE,"11-12-2017","2PT Field Goal"
22.2,4.25,FALSE,"11-12-2017","3PT Field Goal"
-0.1,6.65,FALSE,"11-12-2017","2PT Field Goal"
0.3,6.25,TRUE,"11-12-2017","2PT Field Goal"
-13.9,25.35,FALSE,"11-11-2017","3PT Field Goal"
10.2,27.35,TRUE,"11-11-2017","3PT Field Goal"
8.7,29.75,FALSE,"11-11-2017","3PT Field Goal"
10.7,27.95,FALSE,"11-11-2017","3PT Field Goal"
1,29.95,TRUE,"11-11-2017","3PT Field Goal"
-16,24.55,FALSE,"11-11-2017","3PT Field Goal"
11.4,28.25,TRUE,"11-11-2017","3PT Field Goal"
0.9,7.25,TRUE,"11-11-2017","2PT Field Goal"
9.8,28.25,FALSE,"11-11-2017","3PT Field Goal"
3.5,7.35,FALSE,"11-11-2017","2PT Field Goal"
-0.2,6.95,FALSE,"11-11-2017","2PT Field Goal"
12.9,27.25,TRUE,"11-11-2017","3PT Field Goal"
0.2,6.05,TRUE,"11-11-2017","2PT Field Goal"
-0.6,31.45,FALSE,"11-11-2017","3PT Field Goal"
0.5,12.55,FALSE,"11-11-2017","2PT Field Goal"
-8.9,28.35,TRUE,"11-11-2017","3PT Field Goal"
14.9,25.85,TRUE,"11-11-2017","3PT Field Goal"
-0.2,5.85,TRUE,"11-11-2017","2PT Field Goal"
13,27.75,FALSE,"11-11-2017","3PT Field Goal"
13.1,27.35,FALSE,"11-11-2017","3PT Field Goal"
0.1,5.45,TRUE,"11-11-2017","2PT Field Goal"
-12.9,7.25,FALSE,"11-11-2017","2PT Field Goal"
-5.9,11.15,FALSE,"11-11-2017","2PT Field Goal"
8.2,16.15,TRUE,"11-11-2017","2PT Field Goal"
8.3,13.75,FALSE,"11-11-2017","2PT Field Goal"
9.5,20.35,FALSE,"11-09-2017","2PT Field Goal"
3.2,31.35,FALSE,"11-09-2017","3PT Field Goal"
0.5,10.25,FALSE,"11-09-2017","2PT Field Goal"
0,32.15,FALSE,"11-09-2017","3PT Field Goal"
-5.8,33.75,FALSE,"11-09-2017","3PT Field Goal"
0.4,6.55,FALSE,"11-09-2017","2PT Field Goal"
-5.1,30.05,TRUE,"11-09-2017","3PT Field Goal"
11.8,31.25,FALSE,"11-09-2017","3PT Field Goal"
0.4,27.95,FALSE,"11-09-2017","2PT Field Goal"
0,33.65,TRUE,"11-09-2017","3PT Field Goal"
0.9,34.95,FALSE,"11-09-2017","3PT Field Goal"
13.8,26.65,TRUE,"11-09-2017","3PT Field Goal"
-6.5,32.05,TRUE,"11-09-2017","3PT Field Goal"
-7.9,32.15,TRUE,"11-09-2017","3PT Field Goal"
12.3,15.65,FALSE,"11-09-2017","2PT Field Goal"
-13.5,27.45,FALSE,"11-09-2017","3PT Field Goal"
12.6,29.95,TRUE,"11-09-2017","3PT Field Goal"
-21.1,18.95,FALSE,"11-09-2017","3PT Field Goal"
-1.1,6.55,TRUE,"11-09-2017","2PT Field Goal"
1.9,31.65,FALSE,"11-09-2017","3PT Field Goal"
1.7,6.05,TRUE,"11-09-2017","2PT Field Goal"
13.9,13.15,FALSE,"11-05-2017","2PT Field Goal"
2.3,15.65,FALSE,"11-05-2017","2PT Field Goal"
-6.7,30.55,FALSE,"11-05-2017","3PT Field Goal"
1.1,6.95,TRUE,"11-05-2017","2PT Field Goal"
1.1,6.45,TRUE,"11-05-2017","2PT Field Goal"
-0.3,6.05,TRUE,"11-05-2017","2PT Field Goal"
1.1,5.85,TRUE,"11-05-2017","2PT Field Goal"
1.1,5.45,TRUE,"11-05-2017","2PT Field Goal"
-18.3,22.65,TRUE,"11-05-2017","3PT Field Goal"
1.4,6.45,TRUE,"11-05-2017","2PT Field Goal"
2,8.45,FALSE,"11-05-2017","2PT Field Goal"
20.1,21.95,TRUE,"11-05-2017","3PT Field Goal"
-0.6,9.35,TRUE,"11-05-2017","2PT Field Goal"
12.3,16.85,FALSE,"11-05-2017","2PT Field Goal"
-3.3,18.65,FALSE,"11-05-2017","2PT Field Goal"
9.5,15.65,TRUE,"11-05-2017","2PT Field Goal"
-16.1,25.75,TRUE,"11-05-2017","3PT Field Goal"
-14.8,28.25,TRUE,"11-05-2017","3PT Field Goal"
-4.5,32.55,TRUE,"11-05-2017","3PT Field Goal"
4,15.35,TRUE,"11-05-2017","2PT Field Goal"
-1.7,4.85,TRUE,"11-05-2017","2PT Field Goal"
0.5,32.85,TRUE,"11-05-2017","3PT Field Goal"
2.1,19.25,TRUE,"11-05-2017","2PT Field Goal"
-12,27.65,TRUE,"11-05-2017","3PT Field Goal"
-5.7,17.45,TRUE,"11-05-2017","2PT Field Goal"
-15.8,25.15,TRUE,"11-03-2017","3PT Field Goal"
0,7.95,FALSE,"11-03-2017","2PT Field Goal"
17.9,24.15,FALSE,"11-03-2017","3PT Field Goal"
8.7,29.55,TRUE,"11-03-2017","3PT Field Goal"
0.6,30.15,FALSE,"11-03-2017","3PT Field Goal"
2,13.75,TRUE,"11-03-2017","2PT Field Goal"
-2,30.05,FALSE,"11-03-2017","3PT Field Goal"
-14.7,25.25,TRUE,"11-03-2017","3PT Field Goal"
-11.2,28.45,TRUE,"11-03-2017","3PT Field Goal"
0.1,30.85,FALSE,"11-03-2017","3PT Field Goal"
15.9,24.95,TRUE,"11-03-2017","3PT Field Goal"
-6.5,29.65,FALSE,"11-03-2017","3PT Field Goal"
1.7,6.55,FALSE,"11-03-2017","2PT Field Goal"
-11.4,27.75,TRUE,"11-03-2017","3PT Field Goal"
1.1,10.55,TRUE,"11-03-2017","2PT Field Goal"
10.5,15.85,FALSE,"11-01-2017","2PT Field Goal"
18.8,22.05,FALSE,"11-01-2017","3PT Field Goal"
10.4,29.95,FALSE,"11-01-2017","3PT Field Goal"
5.7,31.65,FALSE,"11-01-2017","3PT Field Goal"
-22.7,11.15,TRUE,"11-01-2017","3PT Field Goal"
12.6,27.45,TRUE,"11-01-2017","3PT Field Goal"
7.3,21.05,FALSE,"11-01-2017","2PT Field Goal"
5,34.15,TRUE,"11-01-2017","3PT Field Goal"
1.1,6.25,TRUE,"11-01-2017","2PT Field Goal"
12.6,32.05,FALSE,"11-01-2017","3PT Field Goal"
-8.9,28.95,TRUE,"11-01-2017","3PT Field Goal"
-9.2,30.55,FALSE,"11-01-2017","3PT Field Goal"
1.9,17.35,TRUE,"11-01-2017","2PT Field Goal"
-11.9,30.25,FALSE,"11-01-2017","3PT Field Goal"
11.1,31.85,FALSE,"11-01-2017","3PT Field Goal"
-4.5,17.85,TRUE,"11-01-2017","2PT Field Goal"
-12,29.55,TRUE,"11-01-2017","3PT Field Goal"
-1.7,30.95,FALSE,"11-01-2017","3PT Field Goal"
-1.3,30.95,TRUE,"11-01-2017","3PT Field Goal"
-20.1,20.25,FALSE,"11-01-2017","3PT Field Goal"
10,29.15,FALSE,"11-01-2017","3PT Field Goal"
-16.4,25.65,FALSE,"11-01-2017","3PT Field Goal"
0.9,6.25,FALSE,"11-01-2017","2PT Field Goal"
2.9,5.85,FALSE,"10-30-2017","2PT Field Goal"
3.2,8.05,FALSE,"10-30-2017","2PT Field Goal"
6.1,9.85,FALSE,"10-30-2017","2PT Field Goal"
2,9.45,FALSE,"10-30-2017","2PT Field Goal"
0.5,6.35,FALSE,"10-30-2017","2PT Field Goal"
13.2,27.75,FALSE,"10-30-2017","3PT Field Goal"
20.8,21.05,TRUE,"10-30-2017","3PT Field Goal"
-1.2,32.05,FALSE,"10-30-2017","3PT Field Goal"
0.1,30.95,TRUE,"10-30-2017","3PT Field Goal"
1.3,6.35,FALSE,"10-30-2017","2PT Field Goal"
1.9,5.65,TRUE,"10-30-2017","2PT Field Goal"
9.2,17.45,TRUE,"10-30-2017","2PT Field Goal"
22.7,9.85,FALSE,"10-30-2017","3PT Field Goal"
-0.3,6.65,TRUE,"10-30-2017","2PT Field Goal"
11.6,29.35,FALSE,"10-30-2017","3PT Field Goal"
-0.5,33.95,TRUE,"10-30-2017","3PT Field Goal"
5.5,12.65,FALSE,"10-30-2017","2PT Field Goal"
0.1,8.15,TRUE,"10-30-2017","2PT Field Goal"
15,10.35,TRUE,"10-30-2017","2PT Field Goal"
-0.1,5.55,FALSE,"10-30-2017","2PT Field Goal"
-10,18.95,FALSE,"10-30-2017","2PT Field Goal"
0,6.15,FALSE,"10-28-2017","2PT Field Goal"
-11.7,28.35,FALSE,"10-28-2017","3PT Field Goal"
-12.2,29.35,FALSE,"10-28-2017","3PT Field Goal"
9.3,16.95,FALSE,"10-28-2017","2PT Field Goal"
2.6,16.95,FALSE,"10-28-2017","2PT Field Goal"
-5.5,32.35,FALSE,"10-28-2017","3PT Field Goal"
-2.3,30.95,TRUE,"10-28-2017","3PT Field Goal"
0.3,5.05,TRUE,"10-28-2017","2PT Field Goal"
-0.7,5.75,FALSE,"10-28-2017","2PT Field Goal"
9.6,28.45,FALSE,"10-28-2017","3PT Field Goal"
0.2,7.05,TRUE,"10-28-2017","2PT Field Goal"
-8.5,14.05,FALSE,"10-28-2017","2PT Field Goal"
0.3,5.75,FALSE,"10-28-2017","2PT Field Goal"
-16.8,24.65,FALSE,"10-28-2017","3PT Field Goal"
5.8,30.55,FALSE,"10-28-2017","3PT Field Goal"
-9.7,28.95,TRUE,"10-28-2017","3PT Field Goal"
1.6,7.25,TRUE,"10-28-2017","2PT Field Goal"
0.2,6.35,TRUE,"10-28-2017","2PT Field Goal"
-22.6,11.45,FALSE,"10-28-2017","3PT Field Goal"
1.3,34.75,TRUE,"10-27-2017","3PT Field Goal"
4.6,21.05,FALSE,"10-27-2017","2PT Field Goal"
-17.6,24.05,TRUE,"10-27-2017","3PT Field Goal"
-13.5,27.45,FALSE,"10-27-2017","3PT Field Goal"
2.7,43.75,FALSE,"10-27-2017","3PT Field Goal"
8.3,36.15,FALSE,"10-27-2017","3PT Field Goal"
5.8,31.05,FALSE,"10-27-2017","3PT Field Goal"
1.1,7.35,TRUE,"10-27-2017","2PT Field Goal"
0.9,6.95,TRUE,"10-27-2017","2PT Field Goal"
2,6.05,FALSE,"10-27-2017","2PT Field Goal"
7.8,31.05,TRUE,"10-27-2017","3PT Field Goal"
6.9,29.95,TRUE,"10-27-2017","3PT Field Goal"
-10.3,18.45,FALSE,"10-27-2017","2PT Field Goal"
0.4,6.85,TRUE,"10-27-2017","2PT Field Goal"
-7.7,30.55,FALSE,"10-27-2017","3PT Field Goal"
0.4,5.65,TRUE,"10-27-2017","2PT Field Goal"
-1.7,32.35,FALSE,"10-27-2017","3PT Field Goal"
-4.3,7.95,FALSE,"10-27-2017","2PT Field Goal"
1.8,7.75,TRUE,"10-25-2017","2PT Field Goal"
-20.1,25.75,FALSE,"10-25-2017","3PT Field Goal"
16.5,26.75,FALSE,"10-25-2017","3PT Field Goal"
3.6,32.35,TRUE,"10-25-2017","3PT Field Goal"
6.4,30.25,FALSE,"10-25-2017","3PT Field Goal"
16,24.55,FALSE,"10-25-2017","3PT Field Goal"
1.6,5.15,TRUE,"10-25-2017","2PT Field Goal"
0.8,7.35,FALSE,"10-25-2017","2PT Field Goal"
-17.9,22.25,TRUE,"10-25-2017","3PT Field Goal"
-3,30.55,FALSE,"10-25-2017","3PT Field Goal"
4.1,9.35,FALSE,"10-25-2017","2PT Field Goal"
-1,6.05,TRUE,"10-25-2017","2PT Field Goal"
2,6.95,TRUE,"10-25-2017","2PT Field Goal"
14.9,9.85,TRUE,"10-25-2017","2PT Field Goal"
-6.9,5.85,FALSE,"10-25-2017","2PT Field Goal"
1.4,6.05,TRUE,"10-25-2017","2PT Field Goal"
2.9,5.85,TRUE,"10-25-2017","2PT Field Goal"
2.4,19.55,TRUE,"10-25-2017","2PT Field Goal"
-1.1,32.15,FALSE,"10-25-2017","3PT Field Goal"
2.4,11.75,FALSE,"10-25-2017","2PT Field Goal"
-2,6.55,FALSE,"10-23-2017","2PT Field Goal"
12.5,28.25,FALSE,"10-23-2017","3PT Field Goal"
7.3,22.55,FALSE,"10-23-2017","2PT Field Goal"
-10.4,32.85,FALSE,"10-23-2017","3PT Field Goal"
1.1,8.95,TRUE,"10-23-2017","2PT Field Goal"
1.8,31.95,FALSE,"10-23-2017","3PT Field Goal"
0.8,5.65,TRUE,"10-23-2017","2PT Field Goal"
0.8,6.55,TRUE,"10-23-2017","2PT Field Goal"
14.1,28.75,FALSE,"10-23-2017","3PT Field Goal"
0.3,6.85,TRUE,"10-23-2017","2PT Field Goal"
1.1,7.05,TRUE,"10-23-2017","2PT Field Goal"
16.4,33.15,TRUE,"10-23-2017","3PT Field Goal"
2.8,7.05,FALSE,"10-23-2017","2PT Field Goal"
1.1,8.05,FALSE,"10-23-2017","2PT Field Goal"
14.2,29.65,FALSE,"10-23-2017","3PT Field Goal"
0.7,7.25,TRUE,"10-23-2017","2PT Field Goal"
15.2,27.05,FALSE,"10-23-2017","3PT Field Goal"
-13.9,10.95,FALSE,"10-23-2017","2PT Field Goal"
-7.5,29.55,TRUE,"10-23-2017","3PT Field Goal"
6,7.75,FALSE,"10-23-2017","2PT Field Goal"
-17.1,24.15,TRUE,"10-21-2017","3PT Field Goal"
0.3,31.45,FALSE,"10-21-2017","3PT Field Goal"
1.5,30.45,FALSE,"10-21-2017","3PT Field Goal"
0.9,33.45,FALSE,"10-21-2017","3PT Field Goal"
18,25.95,FALSE,"10-21-2017","3PT Field Goal"
16.3,27.25,TRUE,"10-21-2017","3PT Field Goal"
-3.2,31.25,TRUE,"10-21-2017","3PT Field Goal"
-2.9,32.05,TRUE,"10-21-2017","3PT Field Goal"
17.7,24.85,TRUE,"10-21-2017","3PT Field Goal"
-4.2,30.55,FALSE,"10-21-2017","3PT Field Goal"
1.8,6.45,TRUE,"10-21-2017","2PT Field Goal"
4.9,30.05,FALSE,"10-21-2017","3PT Field Goal"
-1,14.85,FALSE,"10-21-2017","2PT Field Goal"
17,28.25,TRUE,"10-21-2017","3PT Field Goal"
1.4,5.45,TRUE,"10-21-2017","2PT Field Goal"
2.4,5.75,TRUE,"10-21-2017","2PT Field Goal"
-11.6,26.95,FALSE,"10-21-2017","3PT Field Goal"
-9.2,12.85,TRUE,"10-21-2017","2PT Field Goal"
4.9,8.15,FALSE,"10-21-2017","2PT Field Goal"
-14.7,26.35,FALSE,"10-18-2017","3PT Field Goal"
3.7,29.55,FALSE,"10-18-2017","3PT Field Goal"
1.3,6.35,TRUE,"10-18-2017","2PT Field Goal"
10.1,28.35,TRUE,"10-18-2017","3PT Field Goal"
15.2,25.15,TRUE,"10-18-2017","3PT Field Goal"
-7.4,30.05,TRUE,"10-18-2017","3PT Field Goal"
6.5,29.45,FALSE,"10-18-2017","3PT Field Goal"
0.8,6.25,TRUE,"10-18-2017","2PT Field Goal"
1.3,31.45,FALSE,"10-18-2017","3PT Field Goal"
-6.7,29.45,FALSE,"10-18-2017","3PT Field Goal"
-19.3,21.75,FALSE,"10-18-2017","3PT Field Goal"
-0.4,32.55,FALSE,"10-18-2017","3PT Field Goal"
2.9,6.35,TRUE,"10-18-2017","2PT Field Goal"
-16,24.65,FALSE,"10-18-2017","3PT Field Goal"
13.8,26.15,FALSE,"10-18-2017","3PT Field Goal"
0.3,8.55,FALSE,"10-18-2017","2PT Field Goal"
1.1,12.65,FALSE,"10-18-2017","2PT Field Goal"
5,8.15,FALSE,"10-18-2017","2PT Field Goal"
-8.1,13.75,TRUE,"10-18-2017","2PT Field Goal"
-12.8,26.45,TRUE,"10-18-2017","3PT Field Goal"
0.3,31.15,FALSE,"10-18-2017","3PT Field Goal"
-14.1,27.95,FALSE,"10-17-2017","3PT Field Goal"
0.2,16.45,FALSE,"10-17-2017","2PT Field Goal"
0.9,6.35,TRUE,"10-17-2017","2PT Field Goal"
1.6,12.65,FALSE,"10-17-2017","2PT Field Goal"
16.5,13.65,TRUE,"10-17-2017","2PT Field Goal"
1.8,7.75,FALSE,"10-17-2017","2PT Field Goal"
0.7,7.05,TRUE,"10-17-2017","2PT Field Goal"
0.6,31.55,FALSE,"10-17-2017","3PT Field Goal"
-4.2,31.95,TRUE,"10-17-2017","3PT Field Goal"
-5.8,30.05,FALSE,"10-17-2017","3PT Field Goal"
0.4,18.15,FALSE,"10-17-2017","2PT Field Goal"
0.8,6.85,TRUE,"10-17-2017","2PT Field Goal"
-17,25.85,FALSE,"10-17-2017","3PT Field Goal"
11.4,27.25,TRUE,"10-17-2017","3PT Field Goal"
15,25.35,TRUE,"10-17-2017","3PT Field Goal"
1.9,30.25,TRUE,"10-17-2017","3PT Field Goal"
2.5,6.25,TRUE,"10-17-2017","2PT Field Goal"
2.6,11.65,FALSE,"10-17-2017","2PT Field Goal"
-1.3,6.75,FALSE,"10-17-2017","2PT Field Goal"
1,11.35,FALSE,"10-17-2017","2PT Field Goal"
5.2,29.75,FALSE,"10-17-2017","3PT Field Goal"
-4.6,14.65,FALSE,"10-17-2017","2PT Field Goal"
1,6.85,TRUE,"10-17-2017","2PT Field Goal"
